date,Alfredo Sauce,Anchovies,Artichoke,Arugula,Asiago Cheese,Bacon,Barbecue Sauce,Barbecued Chicken,Beef Chuck Roast,Blue Cheese,Brie Carre Cheese,Calabrese Salami,Capocollo,Caramelized Onions,Chicken,Chipotle Sauce,Chorizo Sausage,Cilantro,Coarse Sicilian Salami,Corn,Eggplant,Feta Cheese,Fontina Cheese,Friggitello Peppers,Garlic,Genoa Salami,Goat Cheese,Gorgonzola Piccante Cheese,Gouda Cheese,Green Olives,Green Peppers,Italian Sausage,Jalapeno Peppers,Kalamata Olives,Luganega Sausage,Mozzarella Cheese,Mushrooms,Nduja Salami,Onions,Oregano,Pancetta,Parmigiano Reggiano Cheese,Pears,Peperoncini verdi,Pepperoni,Pesto Sauce,Pineapple,Plum Tomatoes,Prosciutto,Prosciutto di San Daniele,Provolone Cheese,Red Onions,Red Peppers,Ricotta Cheese,Romano Cheese,Sliced Ham,Smoked Gouda Cheese,Soppressata Salami,Spinach,Sun-dried Tomatoes,Thai Sweet Chilli Sauce,Thyme,Tomatoes,Zucchini
2015-01-01,3,4,43,9,18,24,27,27,8,21,0,35,76,0,61,39,5,39,9,39,2,31,12,2,206,7,34,15,9,58,43,5,48,23,9,68,57,2,9,21,2,15,0,13,63,17,29,7,0,9,21,163,149,15,21,7,21,3,60,11,22,0,227,7
2015-01-02,2,14,69,9,24,19,19,19,14,18,0,19,71,0,49,24,8,24,15,24,7,26,25,0,229,8,44,8,13,49,34,8,37,31,15,92,49,0,15,16,0,8,0,28,66,15,40,3,0,9,18,142,116,8,18,21,18,12,61,7,19,0,220,21
2015-01-03,13,11,67,12,30,18,16,16,21,12,1,11,40,1,83,23,8,23,12,23,8,34,31,2,209,14,15,19,28,36,33,8,51,30,12,81,50,2,12,6,2,19,1,9,54,27,41,6,1,12,12,136,120,19,12,18,12,3,78,19,23,1,195,23
2015-01-04,9,10,49,9,19,11,27,27,6,12,2,9,35,2,38,4,0,4,5,4,6,15,12,3,128,2,24,10,12,28,33,0,16,14,5,45,35,3,5,7,3,10,2,17,32,15,20,0,2,9,12,94,82,10,12,7,12,0,40,6,13,2,132,8
2015-01-05,19,10,46,8,34,19,5,5,4,18,2,14,37,2,65,18,4,18,8,18,4,17,19,0,154,11,12,12,16,35,17,4,34,11,8,61,59,0,8,4,0,12,2,8,53,21,23,3,2,8,18,103,89,12,18,9,18,3,54,14,14,2,128,8
2015-01-06,10,1,47,7,20,26,10,10,10,15,1,13,47,1,64,21,6,21,13,21,0,43,15,5,170,5,29,16,14,34,24,6,35,27,13,75,66,5,13,15,5,16,1,14,59,8,44,12,1,7,15,129,115,16,15,19,15,1,68,14,25,1,160,8
2015-01-07,6,2,41,4,11,19,11,11,14,15,2,11,30,2,47,7,6,7,17,7,5,33,20,9,163,3,16,8,11,33,31,6,18,22,17,75,61,9,17,3,9,8,2,13,54,19,31,6,2,4,15,104,83,8,15,16,15,9,59,10,15,2,142,18
2015-01-08,9,7,60,12,25,16,15,15,6,15,0,16,61,0,58,26,7,26,23,26,15,34,14,7,226,10,35,28,13,58,37,7,39,14,23,95,67,7,23,11,7,28,0,24,60,18,39,2,0,12,15,131,122,28,15,19,15,1,64,2,20,0,215,29
2015-01-09,6,5,51,11,29,19,5,5,24,15,1,11,42,1,41,14,5,14,10,14,10,42,16,2,181,13,18,18,10,32,9,5,24,40,10,77,42,2,10,6,2,18,1,12,61,20,20,6,1,11,15,107,78,18,15,8,15,6,52,9,12,1,154,14
2015-01-10,4,4,65,12,33,20,13,13,19,18,1,11,47,1,46,34,4,34,4,34,5,37,24,9,209,17,19,16,17,22,29,4,51,38,4,79,54,9,4,5,9,16,1,14,74,18,16,7,1,12,18,146,97,16,18,8,18,7,69,17,8,1,180,14
2015-01-11,2,9,27,3,20,8,11,11,3,0,1,20,51,1,29,25,3,25,11,25,0,21,15,9,159,18,13,8,7,42,22,3,32,10,11,51,37,9,11,4,9,8,1,9,54,12,15,7,1,3,0,109,73,8,0,6,0,8,46,11,9,1,151,9
2015-01-12,2,9,32,3,13,13,18,18,11,6,1,7,33,1,51,28,6,28,12,28,11,27,9,2,121,9,17,6,6,35,32,6,34,17,12,40,38,2,12,10,2,6,1,7,47,18,26,4,1,3,6,97,98,6,6,11,6,3,33,6,15,1,157,13
2015-01-13,0,17,24,10,6,13,16,16,16,12,1,13,48,1,47,20,2,20,8,20,3,29,14,9,177,6,29,13,8,39,36,2,28,18,8,48,48,9,8,20,9,13,1,9,31,12,20,2,1,10,12,126,106,13,12,3,12,6,42,4,17,1,176,15
2015-01-14,7,15,46,8,36,17,13,13,11,27,0,21,44,0,69,38,3,38,15,38,5,22,12,10,221,16,7,8,11,52,33,3,49,24,15,67,53,10,15,0,10,8,0,7,61,29,22,0,0,8,27,168,117,8,27,12,27,1,75,10,10,0,215,21
2015-01-15,3,2,54,8,18,12,13,13,13,9,0,4,38,0,46,17,4,17,12,17,2,28,21,2,146,9,25,16,11,18,25,4,28,27,12,75,40,2,12,3,2,16,0,22,50,7,29,8,0,8,9,93,74,16,9,11,9,10,47,13,18,0,138,12
2015-01-16,6,16,64,4,19,17,18,18,10,18,0,7,51,0,57,30,4,30,9,30,5,41,17,7,206,11,33,10,17,41,41,4,47,17,9,65,68,7,9,10,7,10,0,23,69,20,19,5,0,4,18,145,115,10,18,3,18,0,79,17,16,0,202,19
2015-01-17,3,7,53,5,12,13,27,27,9,0,3,7,29,3,66,13,6,13,11,13,8,20,29,3,128,6,16,6,24,29,41,6,37,19,11,51,33,3,11,9,3,6,3,7,47,17,38,7,3,5,0,95,104,6,0,15,0,5,56,11,23,3,155,17
2015-01-18,2,7,44,6,20,18,19,19,4,9,0,12,33,0,41,20,4,20,11,20,6,13,27,2,151,12,9,13,20,34,28,4,40,11,11,72,40,2,11,3,2,13,0,6,67,15,20,1,0,6,9,96,83,13,9,10,9,7,49,6,10,0,136,11
2015-01-19,5,22,46,7,8,14,12,12,18,12,1,13,34,1,59,16,7,16,7,16,5,48,24,4,186,3,18,17,16,47,34,7,32,29,7,78,61,4,7,9,4,17,1,9,48,20,36,11,1,7,12,129,89,17,12,18,12,8,68,16,18,1,163,12
2015-01-20,6,9,60,16,33,19,6,6,6,30,2,18,61,2,51,17,4,17,13,17,4,21,37,1,209,15,28,9,22,47,17,4,39,21,13,85,59,1,13,12,1,9,2,16,59,9,18,3,2,16,30,105,81,9,30,6,30,15,61,6,12,2,160,11
2015-01-21,4,5,39,8,18,11,8,8,7,9,1,10,35,1,46,6,5,6,13,6,10,24,18,6,161,9,16,21,14,31,27,5,20,17,13,69,45,6,13,12,6,21,1,4,46,16,30,5,1,8,9,85,84,21,9,11,9,4,56,6,19,1,137,24
2015-01-22,7,14,52,3,13,19,17,17,19,21,2,12,30,2,54,16,4,16,14,16,14,39,11,5,189,4,14,10,11,40,35,4,27,27,14,67,54,5,14,0,5,10,2,14,46,28,36,6,2,3,21,139,108,10,21,18,21,0,59,11,18,2,175,26
2015-01-23,5,10,41,11,14,17,21,21,9,21,0,9,44,0,47,23,8,23,8,23,8,20,21,2,184,9,26,30,16,29,44,8,39,11,8,96,51,2,8,15,2,30,0,11,58,13,27,2,0,11,21,104,103,30,21,13,21,5,39,6,14,0,153,15
2015-01-24,5,14,38,18,27,19,9,9,6,18,2,19,44,2,47,22,4,22,9,22,6,23,15,5,171,16,9,5,11,49,23,4,33,16,9,57,51,5,9,5,5,5,2,4,52,17,28,4,2,18,18,119,95,5,18,7,18,4,53,11,21,2,168,14
2015-01-25,5,15,24,11,14,9,20,20,4,3,3,0,12,3,27,18,6,18,6,18,2,22,8,6,109,7,5,15,6,21,33,6,24,14,6,44,33,6,6,2,6,15,3,3,28,6,12,8,3,11,3,101,67,15,3,6,3,2,40,11,6,3,105,12
2015-01-26,5,4,42,6,13,14,5,5,16,12,1,11,31,1,53,15,6,15,13,15,6,32,14,10,146,7,13,14,13,33,12,6,28,22,13,56,32,10,13,5,10,14,1,8,38,18,29,5,1,6,12,90,70,14,12,10,12,1,46,14,19,1,141,10
2015-01-27,7,18,40,16,26,13,14,14,18,6,2,3,43,2,50,31,3,31,6,31,9,38,21,7,192,14,26,14,9,28,34,3,40,30,6,87,62,7,6,18,7,14,2,8,61,14,34,7,2,16,6,143,118,14,6,19,6,12,50,9,15,2,183,20
2015-01-28,4,11,35,2,12,18,31,31,10,6,2,7,38,2,36,15,6,15,15,15,7,25,19,3,154,8,23,5,10,35,48,6,25,10,15,50,57,3,15,7,3,5,2,16,47,14,28,0,2,2,6,114,101,5,6,16,6,9,40,2,12,2,159,15
2015-01-29,1,5,39,9,11,4,22,22,9,18,1,13,44,1,47,28,1,28,16,28,3,19,19,5,175,10,21,10,14,34,37,1,42,16,16,67,27,5,16,13,5,10,1,8,39,20,22,7,1,9,18,102,99,10,18,9,18,5,47,14,13,1,168,9
2015-01-30,12,2,50,14,31,24,24,24,14,9,1,13,42,1,51,18,3,18,11,18,11,23,22,7,170,11,18,18,18,28,29,3,36,25,11,60,48,7,11,11,7,18,1,7,55,17,19,3,1,14,9,128,115,18,9,6,9,4,43,6,13,1,160,13
2015-01-31,4,18,45,6,25,18,9,9,13,9,1,11,51,1,43,17,8,17,17,17,6,27,26,7,227,13,27,22,19,49,40,8,36,23,17,66,64,7,17,17,7,22,1,10,57,11,22,2,1,6,9,131,101,22,9,12,9,7,69,2,10,1,187,29
2015-02-01,8,15,75,12,29,33,27,27,13,15,3,21,65,3,86,36,9,36,12,36,6,23,40,16,248,14,30,17,32,52,35,9,68,20,12,77,58,16,12,11,16,17,3,19,72,21,33,0,3,12,15,176,140,17,15,12,15,8,67,11,21,3,240,9
2015-02-02,14,3,48,7,32,13,13,13,3,12,1,5,48,1,56,18,6,18,6,18,3,16,22,10,180,12,31,7,14,15,38,6,32,11,6,72,65,10,6,16,10,7,1,15,57,18,36,2,1,7,12,110,115,7,12,18,12,8,67,10,18,1,163,22
2015-02-03,7,7,49,7,28,13,13,13,17,12,2,8,55,2,43,14,9,14,9,14,9,40,21,12,240,12,35,32,12,30,44,9,26,27,9,80,73,12,9,21,12,32,2,14,58,19,14,1,2,7,12,131,107,32,12,4,12,9,77,5,10,2,194,32
2015-02-04,6,6,51,1,14,16,22,22,5,18,3,18,50,3,38,31,4,31,4,31,7,22,16,2,173,2,30,18,13,29,40,4,44,18,4,68,49,2,4,12,2,18,3,18,46,9,19,7,3,1,18,133,105,18,18,15,18,3,47,7,4,3,149,16
2015-02-05,2,13,37,9,19,17,16,16,6,6,3,19,52,3,40,26,4,26,14,26,0,20,19,7,175,8,25,15,13,50,27,4,39,16,14,74,45,7,14,14,7,15,3,11,57,6,20,1,3,9,6,130,86,15,6,17,6,6,51,4,3,3,165,9
2015-02-06,4,13,59,5,21,25,16,16,8,18,2,15,50,2,50,17,7,17,14,17,2,34,17,13,190,14,21,10,16,45,36,7,33,21,14,65,59,13,14,5,13,10,2,16,66,18,29,10,2,5,18,139,86,10,18,18,18,1,70,22,11,2,175,11
2015-02-07,8,0,40,16,11,18,13,13,12,6,2,24,58,2,65,16,6,16,8,16,4,32,21,5,176,3,31,15,18,35,26,6,34,12,8,52,56,5,8,16,5,15,2,15,26,16,24,0,2,16,6,120,108,15,6,7,6,3,63,3,17,2,161,17
2015-02-08,9,4,60,16,24,11,13,13,4,12,2,14,61,2,47,9,5,9,6,9,5,21,13,0,141,9,38,3,11,25,23,5,20,18,6,64,36,0,6,13,0,3,2,25,46,14,31,8,2,16,12,87,81,3,12,15,12,2,49,13,16,2,140,11
2015-02-09,5,10,48,12,11,10,14,14,15,12,0,10,28,0,60,25,4,25,16,25,11,32,23,0,172,5,13,15,19,42,30,4,44,20,16,68,44,0,16,4,0,15,0,9,32,23,24,4,0,12,12,110,98,15,12,12,12,4,62,8,12,0,163,24
2015-02-10,0,19,45,4,9,6,15,15,8,12,3,8,42,3,33,25,1,25,18,25,11,20,21,2,185,5,29,14,9,50,28,1,34,13,18,58,41,2,18,12,2,14,3,17,35,18,8,1,3,4,12,100,85,14,12,2,12,12,39,4,6,3,169,18
2015-02-11,8,3,42,4,20,21,10,10,9,18,0,10,26,0,55,28,4,28,14,28,7,23,16,7,188,5,11,38,12,33,33,4,40,20,14,107,62,7,14,3,7,38,0,8,68,20,31,4,0,4,18,119,106,38,18,19,18,4,58,8,12,0,154,19
2015-02-12,5,5,38,7,11,21,22,22,12,18,5,9,33,5,27,14,5,14,17,14,7,24,12,5,158,6,18,14,8,34,32,5,22,17,17,80,42,5,17,7,5,14,5,11,47,16,30,5,5,7,18,103,88,14,18,21,18,4,35,12,9,5,142,13
2015-02-13,10,13,60,13,22,20,30,30,20,6,2,10,44,2,75,23,10,23,17,23,7,29,30,6,203,4,30,15,22,45,42,10,45,28,17,81,49,6,17,10,6,15,2,20,67,22,32,0,2,13,6,138,126,15,6,12,6,8,58,3,20,2,212,11
2015-02-14,4,1,39,3,15,12,23,23,23,12,1,17,40,1,51,43,3,43,9,43,4,35,17,15,190,3,20,17,12,36,40,3,55,33,9,51,45,15,9,11,15,17,1,9,33,11,23,2,1,3,12,157,121,17,12,10,12,5,50,6,13,1,206,15
2015-02-15,7,10,37,10,13,20,12,12,6,12,1,11,31,1,70,29,6,29,14,29,5,27,13,6,150,6,14,11,13,38,30,6,42,15,14,54,51,6,14,8,6,11,1,6,45,19,23,9,1,10,12,126,114,11,12,7,12,0,61,13,16,1,159,18
2015-02-16,10,20,27,12,16,12,5,5,12,12,0,11,25,0,57,15,4,15,6,15,3,33,10,2,127,3,11,11,4,39,22,4,19,28,6,71,49,2,6,8,2,11,0,3,35,8,48,13,0,12,12,114,89,11,12,21,12,6,42,14,27,0,134,12
2015-02-17,6,6,32,9,22,23,18,18,11,3,0,15,51,0,58,26,3,26,13,26,2,19,16,4,148,13,23,6,11,39,27,3,37,14,13,53,48,4,13,14,4,6,0,9,51,19,31,0,0,9,3,119,114,6,3,20,3,5,46,7,11,0,174,9
2015-02-18,2,6,48,19,18,16,9,9,11,9,3,13,38,3,72,33,4,33,10,33,1,34,31,2,180,10,15,14,22,35,37,4,55,22,10,88,69,2,10,5,2,14,3,10,64,12,45,5,3,19,9,122,103,14,9,22,9,9,73,9,23,3,167,12
2015-02-19,0,6,53,2,18,16,12,12,4,12,1,19,42,1,41,27,6,27,7,27,10,21,18,9,177,15,8,11,15,36,26,6,42,12,7,50,39,9,7,0,9,11,1,8,46,31,21,5,1,2,12,112,83,11,12,15,12,3,65,17,6,1,160,19
2015-02-20,3,10,82,19,19,20,16,16,14,9,2,17,43,2,87,27,5,27,7,27,3,42,41,10,217,9,17,13,38,38,30,5,65,38,7,88,46,10,7,5,10,13,2,12,69,26,32,17,2,19,9,154,116,13,9,14,9,3,107,22,18,2,193,14
2015-02-21,2,14,47,2,4,21,22,22,5,12,3,2,23,3,47,12,8,12,4,12,12,25,16,14,150,2,19,31,11,29,34,8,23,14,4,69,43,14,4,7,14,31,3,12,34,17,31,9,3,2,12,104,99,31,12,11,12,5,45,12,20,3,149,21
2015-02-22,4,0,40,4,15,16,10,10,13,12,0,0,26,0,43,8,5,8,16,8,1,21,19,3,121,7,19,3,16,17,31,5,24,17,16,31,47,3,16,8,3,3,0,11,47,11,18,0,0,4,12,66,64,3,12,4,12,3,44,8,14,0,112,7
2015-02-23,7,15,54,11,17,19,13,13,9,6,1,14,37,1,56,16,3,16,3,16,8,24,31,6,175,1,22,8,22,41,34,3,38,19,3,59,67,6,3,11,6,8,1,11,47,21,23,1,1,11,6,126,106,8,6,13,6,9,74,4,10,1,163,23
2015-02-24,2,10,35,6,26,15,16,16,6,27,3,11,41,3,45,22,2,22,5,22,1,12,19,14,169,15,15,11,12,30,27,2,34,15,5,85,39,14,5,6,14,11,3,9,63,7,31,0,3,6,27,111,84,11,27,15,27,7,39,4,16,3,156,7
2015-02-25,6,11,31,4,18,21,10,10,10,12,0,6,33,0,50,22,10,22,20,22,7,24,22,4,202,8,19,32,8,40,35,10,30,14,20,76,70,4,20,12,4,32,0,7,53,21,18,0,0,4,12,109,104,32,12,5,12,14,54,5,13,0,165,21
2015-02-26,4,7,47,10,22,13,7,7,11,9,0,4,31,0,49,18,5,18,18,18,12,30,24,2,174,11,16,12,14,29,23,5,32,28,18,89,47,2,18,13,2,12,0,3,61,23,44,10,0,10,9,94,96,12,9,27,9,10,58,11,17,0,148,19
2015-02-27,7,10,93,10,44,16,18,18,9,6,0,9,70,0,76,20,6,20,11,20,9,35,30,8,215,26,35,24,28,42,40,6,48,31,11,76,56,8,11,13,8,24,0,22,92,24,26,11,0,10,6,125,107,24,6,8,6,2,89,23,18,0,220,18
2015-02-28,5,8,61,4,21,13,17,17,19,21,1,13,44,1,44,23,7,23,12,23,1,52,19,4,201,5,26,20,13,44,49,7,36,44,12,80,68,4,12,6,4,20,1,20,52,9,28,14,1,4,21,144,86,20,21,22,21,6,81,16,6,1,180,17
2015-03-01,0,2,35,1,7,10,6,6,7,15,1,8,29,1,44,23,3,23,5,23,1,30,12,2,117,7,14,10,12,18,23,3,35,16,5,53,38,2,5,5,2,10,1,9,38,8,18,9,1,1,15,88,66,10,15,10,15,0,55,13,8,1,106,14
2015-03-02,5,8,68,12,25,18,16,16,12,6,1,8,48,1,66,42,5,42,11,42,6,33,22,6,181,10,30,6,17,32,34,5,59,27,11,48,57,6,11,7,6,6,1,23,55,17,23,5,1,12,6,145,114,6,6,11,6,5,68,12,12,1,196,15
2015-03-03,14,10,45,12,34,19,12,12,2,18,3,2,38,3,58,25,5,25,16,25,7,19,25,2,172,15,21,7,19,31,22,5,44,12,16,74,56,2,16,16,2,7,3,5,50,14,34,5,3,12,18,108,111,7,18,22,18,6,56,9,12,3,147,15
2015-03-04,15,15,47,9,34,22,29,29,6,6,1,11,40,1,76,24,5,24,13,24,7,22,23,8,161,13,16,10,23,43,46,5,47,20,13,46,57,8,13,13,8,10,1,3,57,12,34,8,1,9,6,150,136,10,6,15,6,0,57,8,19,1,183,14
2015-03-05,2,3,59,13,17,13,10,10,10,15,0,10,51,0,59,25,3,25,4,25,6,19,33,6,182,10,31,23,23,18,32,3,48,20,4,102,48,6,4,14,6,23,0,17,52,9,48,5,0,13,15,99,96,23,15,29,15,10,50,8,19,0,153,16
2015-03-06,9,3,56,21,18,18,16,16,6,21,4,18,46,4,54,25,5,25,8,25,9,21,20,6,180,4,24,9,13,33,37,5,38,14,8,90,62,6,8,5,6,9,4,19,53,19,26,3,4,21,21,127,109,9,21,12,21,7,58,10,14,4,167,24
2015-03-07,11,6,48,8,31,18,26,26,7,6,1,14,47,1,48,21,8,21,12,21,7,32,20,5,181,14,19,12,13,42,45,8,34,13,12,55,72,5,12,11,5,12,1,8,54,24,29,0,1,8,6,129,109,12,6,17,6,7,69,14,12,1,184,15
2015-03-08,10,6,37,10,21,17,25,25,0,6,1,12,42,1,58,23,8,23,7,23,7,16,12,5,136,9,21,15,7,32,33,8,30,6,7,71,44,5,7,6,5,15,1,15,47,17,38,4,1,10,6,108,116,15,6,17,6,5,42,6,21,1,162,14
2015-03-09,9,5,46,10,22,24,19,19,12,21,2,10,34,2,71,27,5,27,3,27,1,32,26,4,168,5,19,17,17,26,29,5,44,25,3,78,62,4,3,8,4,17,2,11,52,15,26,5,2,10,21,131,115,17,21,10,21,9,65,9,16,2,157,7
2015-03-10,5,5,54,3,14,23,14,14,4,9,2,9,55,2,66,27,8,27,11,27,5,19,16,0,184,6,40,29,13,31,25,8,40,11,11,74,45,0,11,17,0,29,2,23,44,23,46,4,2,3,9,98,126,29,9,22,9,3,56,10,24,2,179,12
2015-03-11,8,5,51,5,19,12,7,7,9,24,2,4,27,2,73,37,6,37,6,37,5,33,22,7,165,8,15,14,20,21,25,6,57,21,6,63,49,7,6,6,7,14,2,9,34,10,32,9,2,5,24,118,104,14,24,11,24,2,66,14,21,2,152,19
2015-03-12,2,8,35,20,11,10,20,20,4,12,4,13,24,4,31,11,2,11,9,11,4,19,15,10,156,4,7,31,14,35,43,2,25,12,9,75,46,10,9,3,10,31,4,4,37,11,14,3,4,20,12,101,68,31,12,6,12,1,51,8,8,4,125,14
2015-03-13,7,5,41,6,16,32,15,15,18,6,1,9,39,1,67,38,15,38,12,38,9,41,10,0,185,4,26,19,7,30,36,15,45,27,12,74,67,0,12,19,0,19,1,7,81,25,39,4,1,6,6,143,150,19,6,11,6,3,61,13,28,1,199,19
2015-03-14,2,21,49,9,12,11,11,11,17,9,1,10,37,1,31,12,5,12,12,12,10,26,23,6,181,5,22,11,16,46,35,5,28,22,12,53,48,6,12,6,6,11,1,16,45,13,17,0,1,9,9,106,68,11,9,7,9,7,43,2,10,1,157,20
2015-03-15,4,9,25,4,9,15,18,18,6,9,1,11,44,1,42,14,6,14,8,14,0,21,8,8,149,3,30,20,5,32,37,6,19,9,8,57,49,8,8,17,8,20,1,13,40,6,37,1,1,4,9,101,99,20,9,11,9,3,37,5,26,1,154,9
2015-03-16,6,14,47,9,21,18,11,11,17,12,0,12,58,0,38,11,8,11,9,11,4,44,13,2,194,12,34,22,11,41,36,8,22,24,9,62,66,2,9,12,2,22,0,22,53,11,18,4,0,9,12,120,80,22,12,9,12,2,61,7,9,0,164,17
2015-03-17,6,7,51,13,32,24,28,28,17,9,0,23,63,0,50,33,8,33,19,33,6,47,15,4,232,18,22,28,10,53,43,8,43,32,19,88,65,4,19,10,4,28,0,12,69,19,35,7,0,13,9,175,124,28,9,22,9,5,68,15,13,0,222,13
2015-03-18,0,8,56,4,22,17,20,20,15,6,3,3,43,3,45,14,5,14,7,14,9,37,11,3,144,17,23,5,10,24,37,5,24,30,7,46,42,3,7,3,3,5,3,20,50,18,42,10,3,4,6,107,93,5,6,25,6,1,57,12,17,3,167,20
2015-03-19,14,6,39,7,35,26,20,20,11,9,2,19,44,2,58,20,6,20,8,20,5,30,25,4,179,15,10,16,11,38,31,6,31,23,8,61,72,4,8,6,4,16,2,4,62,22,20,6,2,7,9,140,116,16,9,5,9,14,59,13,15,2,167,11
2015-03-20,6,13,55,10,17,17,14,14,0,21,0,10,52,0,74,32,2,32,5,32,1,16,20,5,186,6,36,21,17,35,37,2,49,6,5,81,62,5,5,14,5,21,0,22,55,16,29,1,0,10,21,122,121,21,21,9,21,3,66,10,20,0,182,14
2015-03-21,3,2,54,4,10,14,9,9,26,18,2,17,40,2,65,34,6,34,12,34,7,32,26,3,182,6,17,6,21,32,23,6,55,27,12,66,36,3,12,2,3,6,2,15,41,18,38,0,2,4,18,117,93,6,18,18,18,5,48,10,20,2,175,16
2015-03-22,4,4,31,2,16,12,6,6,7,9,3,6,18,3,24,3,2,3,4,3,4,19,8,2,98,9,3,12,8,15,13,2,11,17,4,42,26,2,4,0,2,12,3,3,36,14,15,7,3,2,9,63,46,12,9,7,9,0,40,13,8,3,77,11
2015-03-23,15,7,40,4,35,21,24,24,8,18,0,3,28,0,56,29,2,29,13,29,4,25,22,2,155,14,11,12,14,28,37,2,43,20,13,76,66,2,13,4,2,12,0,7,65,13,27,6,0,4,18,129,113,12,18,19,18,8,50,9,8,0,147,8
2015-03-24,7,5,24,7,22,16,14,14,13,9,2,16,48,2,60,31,7,31,16,31,2,22,8,5,170,12,20,21,7,37,23,7,38,16,16,54,35,5,16,10,5,21,2,10,43,8,33,0,2,7,9,119,111,21,9,6,9,1,32,2,27,2,177,9
2015-03-25,4,6,53,6,15,15,11,11,4,9,1,9,31,1,50,15,3,15,16,15,5,19,32,2,158,7,15,15,17,31,24,3,32,19,16,64,48,2,16,5,2,15,1,10,42,20,21,11,1,6,9,89,80,15,9,9,9,15,58,17,12,1,128,12
2015-03-26,7,6,53,7,13,22,14,14,6,3,2,10,42,2,67,26,6,26,4,26,6,21,33,8,150,5,27,7,17,22,17,6,43,15,4,65,49,8,4,11,8,7,2,16,41,22,37,8,2,7,3,108,108,7,3,21,3,16,50,13,16,2,148,7
2015-03-27,6,5,72,10,20,16,15,15,22,21,0,10,62,0,46,28,3,28,17,28,5,53,15,4,230,7,45,12,10,40,36,3,38,37,17,77,68,4,17,19,4,12,0,26,53,28,22,8,0,10,21,144,110,12,21,16,21,5,82,24,6,0,213,16
2015-03-28,5,5,64,5,16,16,15,15,11,15,0,9,47,0,50,27,5,27,8,27,1,29,21,0,177,8,30,11,14,25,32,5,41,18,8,65,54,0,8,0,0,11,0,30,51,16,34,4,0,5,15,109,92,11,15,12,15,7,58,16,22,0,165,9
2015-03-29,9,3,57,10,23,18,10,10,12,12,2,8,34,2,63,18,7,18,5,18,7,39,23,0,149,12,14,5,23,21,27,7,41,28,5,58,50,0,5,11,0,5,2,3,54,26,25,14,2,10,12,105,96,5,12,16,12,0,81,22,9,2,134,17
2015-03-30,14,5,46,7,28,23,23,23,9,12,2,10,42,2,70,26,11,26,4,26,4,27,23,3,142,9,23,6,16,23,31,11,42,22,4,55,51,3,4,12,3,6,2,11,54,10,27,8,2,7,12,127,120,6,12,8,12,7,51,10,19,2,156,10
2015-03-31,17,15,69,14,28,18,29,29,6,9,2,26,70,2,65,17,6,17,7,17,4,27,24,21,211,7,37,16,15,57,39,6,32,18,7,68,61,21,7,5,21,16,2,32,42,13,32,8,2,14,9,168,120,16,9,8,9,9,58,14,24,2,224,13
2015-04-01,5,10,42,8,24,18,4,4,14,21,0,5,30,0,49,29,3,29,19,29,4,21,21,5,175,6,19,15,8,39,13,3,37,28,19,89,48,5,19,7,5,15,0,12,58,13,21,1,0,8,21,109,84,15,21,13,21,13,44,5,8,0,157,11
2015-04-02,11,9,41,11,30,13,18,18,32,9,2,18,50,2,71,24,4,24,3,24,10,46,21,9,197,15,17,26,17,34,33,4,41,39,3,77,50,9,3,10,9,26,2,7,50,18,38,3,2,11,9,146,108,26,9,22,9,4,45,3,16,2,189,12
2015-04-03,2,7,51,10,17,18,13,13,19,12,2,13,52,2,52,6,6,6,14,6,7,39,33,8,191,9,30,8,17,38,38,6,23,33,14,80,67,8,14,17,8,8,2,13,55,10,49,8,2,10,12,114,96,8,12,25,12,16,58,8,24,2,175,19
2015-04-04,4,16,63,9,25,17,8,8,17,9,1,15,64,1,75,34,4,34,11,34,4,37,16,5,204,9,40,8,12,44,32,4,46,37,11,63,57,5,11,16,5,8,1,24,64,11,50,8,1,9,9,155,128,8,9,18,9,4,64,11,32,1,225,17
2015-04-05,4,6,27,12,17,11,17,17,2,6,2,8,39,2,56,27,4,27,5,27,4,11,18,6,126,8,23,14,9,21,29,4,36,9,5,57,39,6,5,16,6,14,2,7,40,6,28,2,2,12,6,94,103,14,6,7,6,9,30,2,21,2,141,9
2015-04-06,13,6,60,8,24,15,14,14,26,12,1,23,45,1,64,23,4,23,14,23,9,52,34,10,206,6,16,7,23,51,34,4,46,43,14,66,69,10,14,5,10,7,1,11,47,12,35,12,1,8,12,160,108,7,12,16,12,11,68,12,19,1,193,20
2015-04-07,9,1,34,14,16,19,19,19,4,9,0,7,44,0,53,29,7,29,7,29,4,28,16,6,158,3,34,17,11,20,34,7,40,12,7,67,61,6,7,26,6,17,0,8,46,11,25,4,0,14,9,118,127,17,9,9,9,5,54,7,16,0,154,12
2015-04-08,4,16,37,10,20,19,19,19,7,9,2,12,37,2,64,28,3,28,5,28,4,19,19,10,172,10,15,25,11,34,25,3,39,19,5,74,40,10,5,5,10,25,2,10,45,11,44,6,2,10,9,133,117,25,9,14,9,8,40,6,30,2,174,8
2015-04-09,9,18,24,5,22,9,16,16,14,6,1,15,60,1,46,32,4,32,7,32,2,26,12,5,172,10,35,6,9,46,28,4,41,18,7,39,40,5,7,26,5,6,1,9,44,10,14,1,1,5,6,127,111,6,6,5,6,3,36,1,9,1,184,6
2015-04-10,4,1,58,6,32,13,7,7,33,12,0,20,69,0,52,24,1,24,7,24,7,56,21,0,213,21,28,19,11,31,21,1,35,51,7,69,52,0,7,11,0,19,0,17,57,17,36,11,0,6,12,133,96,19,12,15,12,10,56,16,21,0,194,12
2015-04-11,5,2,52,8,22,11,30,30,24,18,1,4,35,1,42,33,3,33,10,33,9,42,15,9,201,13,18,11,6,20,50,3,39,33,10,79,55,9,10,2,9,11,1,16,51,25,36,5,1,8,18,146,123,11,18,17,18,9,57,17,19,1,208,22
2015-04-12,6,2,43,6,22,28,13,13,12,9,0,15,50,0,50,23,3,23,1,23,3,28,14,4,148,9,26,13,10,23,20,3,33,22,1,55,55,4,1,8,4,13,0,18,55,14,23,3,0,6,9,124,103,13,9,13,9,4,50,5,10,0,147,9
2015-04-13,5,12,76,1,30,11,21,21,21,3,2,0,45,2,81,30,1,30,8,30,2,44,29,9,201,16,29,7,24,22,37,1,54,41,8,43,48,9,8,7,9,7,2,22,51,20,44,11,2,1,3,149,123,7,3,17,3,5,85,19,27,2,215,13
2015-04-14,4,9,48,3,21,33,13,13,28,12,1,18,51,1,49,23,2,23,20,23,5,43,24,5,209,13,20,16,15,48,24,2,38,37,20,73,65,5,20,7,5,16,1,13,74,12,32,5,1,3,12,155,108,16,12,14,12,9,47,11,18,1,190,11
2015-04-15,6,6,55,2,37,24,17,17,14,6,1,13,57,1,55,26,6,26,9,26,4,36,21,8,195,17,27,22,16,34,43,6,42,35,9,59,70,8,9,17,8,22,1,10,79,8,29,7,1,2,6,150,115,22,6,14,6,5,68,11,15,1,192,16
2015-04-16,2,14,33,8,14,19,13,13,9,6,1,20,38,1,46,20,7,20,8,20,0,19,13,4,155,5,13,16,11,42,29,7,31,23,8,55,35,4,8,6,4,16,1,7,45,11,25,7,1,8,6,125,91,16,6,11,6,2,53,8,14,1,152,14
2015-04-17,2,10,58,9,16,15,19,19,14,15,1,9,44,1,67,41,3,41,14,41,9,28,30,5,214,11,24,19,18,40,42,3,59,21,14,79,59,5,14,9,5,19,1,15,45,24,35,4,1,9,15,136,130,19,15,17,15,12,64,13,18,1,213,23
2015-04-18,3,5,35,5,15,17,20,20,17,18,1,15,40,1,51,27,8,27,6,27,11,39,20,10,182,12,13,14,8,32,37,8,35,20,6,60,60,10,6,2,10,14,1,11,38,16,31,3,1,5,18,132,107,14,18,9,18,12,45,5,22,1,179,21
2015-04-19,2,1,28,3,24,18,9,9,0,12,0,6,37,0,28,16,5,16,7,16,3,18,19,4,112,20,11,5,12,15,27,5,28,12,7,42,48,4,7,11,4,5,0,0,53,5,16,10,0,3,12,77,65,5,12,13,12,7,41,11,3,0,92,10
2015-04-20,7,9,51,5,26,27,12,12,11,12,2,11,36,2,59,29,11,29,9,29,4,34,12,5,170,7,18,12,9,34,29,11,38,34,9,70,55,5,9,3,5,12,2,15,69,17,43,11,2,5,12,138,111,12,12,24,12,3,65,11,19,2,172,12
2015-04-21,2,8,46,6,14,21,16,16,4,15,0,17,40,0,54,21,3,21,12,21,9,18,23,3,177,10,13,23,14,42,32,3,35,12,12,73,53,3,12,4,3,23,0,9,51,27,26,6,0,6,15,107,104,23,15,11,15,9,55,12,15,0,160,16
2015-04-22,3,11,38,12,14,21,10,10,6,12,1,17,36,1,67,16,4,16,5,16,7,25,19,2,159,7,12,14,13,43,24,4,29,13,5,64,56,2,5,5,2,14,1,7,56,31,29,3,1,12,12,99,105,14,12,6,12,6,64,7,23,1,158,11
2015-04-23,1,11,47,3,18,20,18,18,18,18,1,27,71,1,44,27,5,27,14,27,2,27,28,5,225,9,35,12,20,56,36,5,47,26,14,61,51,5,14,20,5,12,1,15,54,9,11,0,1,3,18,148,104,12,18,8,18,8,57,2,3,1,201,15
2015-04-24,7,3,77,12,26,25,22,22,32,12,2,12,60,2,74,14,8,14,13,14,9,55,22,4,239,10,38,25,17,35,43,8,31,50,13,84,64,4,13,6,4,25,2,32,73,29,34,9,2,12,12,149,132,25,12,9,12,5,82,10,25,2,231,22
2015-04-25,2,5,34,9,15,17,35,35,11,15,0,8,42,0,48,22,6,22,20,22,6,20,13,4,149,11,23,7,9,36,46,6,31,15,20,48,35,4,20,11,4,7,0,12,41,16,21,2,0,9,15,111,112,7,15,8,15,4,35,5,13,0,178,11
2015-04-26,3,7,33,9,11,13,4,4,3,6,1,14,37,1,38,16,3,16,2,16,6,15,13,2,142,5,18,23,6,24,18,3,22,6,2,69,46,2,2,3,2,23,1,15,32,16,31,0,1,9,6,83,73,23,6,17,6,7,41,3,14,1,115,16
2015-04-27,6,9,28,7,25,20,28,28,5,3,1,21,51,1,44,23,8,23,6,23,4,20,21,15,157,17,13,6,13,39,37,8,36,10,6,50,47,15,6,12,15,6,1,1,50,11,28,3,1,7,3,140,105,6,3,17,3,8,44,8,11,1,171,11
2015-04-28,1,6,35,3,17,11,15,15,1,12,1,12,43,1,23,10,3,10,10,10,7,25,9,0,145,9,22,10,9,31,31,3,19,11,10,52,46,0,10,17,0,10,1,5,38,11,24,3,1,3,12,95,78,10,12,18,12,0,58,7,6,1,126,21
2015-04-29,7,6,40,3,17,11,6,6,20,6,2,11,30,2,49,24,4,24,10,24,3,31,22,10,159,5,14,7,18,27,18,4,42,28,10,44,38,10,10,4,10,7,2,10,39,13,11,3,2,3,6,116,71,7,6,9,6,4,53,4,2,2,135,12
2015-04-30,14,13,45,7,28,23,23,23,19,6,2,14,35,2,67,37,6,37,13,37,2,37,17,2,184,5,16,28,12,49,34,6,49,29,13,81,64,2,13,6,2,28,2,10,67,19,27,1,2,7,6,157,116,28,6,16,6,5,56,12,11,2,190,2
2015-05-01,5,1,65,12,27,20,12,12,12,18,1,11,45,1,82,21,1,21,10,21,9,35,26,8,194,16,18,12,26,23,32,1,47,30,10,77,55,8,10,11,8,12,1,7,70,27,38,12,1,12,18,129,125,12,18,15,18,0,85,17,23,1,178,21
2015-05-02,9,7,59,7,28,28,9,9,15,6,1,8,49,1,69,5,7,5,4,5,9,33,22,1,170,14,27,18,17,23,23,7,22,26,4,58,61,1,4,9,1,18,1,18,70,28,34,6,1,7,6,98,106,18,6,9,6,5,63,10,25,1,156,13
2015-05-03,8,2,54,2,21,8,12,12,6,9,2,14,47,2,46,17,6,17,2,17,3,22,16,2,136,6,27,7,16,23,27,6,33,14,2,52,40,2,2,8,2,7,2,19,45,13,19,1,2,2,9,92,68,7,9,14,9,0,60,9,5,2,129,14
2015-05-04,11,9,49,8,24,21,18,18,5,18,4,8,51,4,54,20,6,20,3,20,4,18,11,4,151,10,33,16,10,23,30,6,30,14,3,78,46,4,3,12,4,16,4,21,64,15,22,6,4,8,18,108,101,16,18,12,18,1,42,11,10,4,146,9
2015-05-05,8,6,49,0,15,14,13,13,5,6,0,7,27,0,44,13,3,13,3,13,9,22,17,0,124,5,15,13,11,21,17,3,24,10,3,56,43,0,3,2,0,13,0,13,31,25,37,3,0,0,6,80,79,13,6,22,6,6,49,14,15,0,117,12
2015-05-06,11,5,59,5,24,16,21,21,8,6,0,24,45,0,61,27,5,27,3,27,2,23,28,2,174,4,17,16,20,33,49,5,47,20,3,54,70,2,3,8,2,16,0,9,52,18,28,3,0,5,6,143,106,16,6,13,6,8,71,19,15,0,165,13
2015-05-07,2,9,53,5,14,14,22,22,13,15,5,18,40,5,41,20,6,20,7,20,10,29,22,10,178,6,16,10,13,36,29,6,33,24,7,60,37,10,7,4,10,10,5,12,43,19,26,5,5,5,15,123,85,10,15,10,15,9,45,12,16,5,165,11
2015-05-08,4,13,76,10,25,29,9,9,21,9,0,10,58,0,74,44,10,44,12,44,12,42,33,3,257,15,33,31,23,38,31,10,67,31,12,95,72,3,12,11,3,31,0,22,87,25,33,4,0,10,9,156,134,31,9,11,9,10,72,13,22,0,225,21
2015-05-09,4,5,60,3,15,22,20,20,26,9,1,9,27,1,52,12,6,12,14,12,7,39,35,3,184,0,18,23,27,34,40,6,39,39,14,84,59,3,14,6,3,23,1,12,69,9,27,2,1,3,9,124,90,23,9,14,9,8,64,3,13,1,157,18
2015-05-10,0,7,52,4,13,13,13,13,17,12,2,9,37,2,25,20,6,20,13,20,8,38,12,16,185,10,18,16,8,31,34,6,28,31,13,72,42,16,13,8,16,16,2,10,57,22,29,11,2,4,12,117,73,16,12,20,12,4,52,23,9,2,165,14
2015-05-11,4,5,59,9,18,29,27,27,7,24,3,13,49,3,39,8,8,8,11,8,5,36,24,5,173,9,27,17,12,38,32,8,20,25,11,73,58,5,11,9,5,17,3,18,52,14,17,13,3,9,24,117,91,17,24,5,24,12,57,19,12,3,154,7
2015-05-12,6,11,53,8,16,15,11,11,22,15,2,8,38,2,48,18,4,18,14,18,6,45,18,4,179,7,23,12,14,39,23,4,32,35,14,73,46,4,14,7,4,12,2,16,50,18,20,10,2,8,15,120,84,12,15,12,15,4,61,14,8,2,162,15
2015-05-13,7,2,59,9,14,17,7,7,12,12,2,16,52,2,58,11,9,11,7,11,5,26,33,8,194,6,30,23,21,28,18,9,32,13,7,80,52,8,7,7,8,23,2,23,42,21,27,0,2,9,12,89,74,23,12,11,12,12,58,9,16,2,146,11
2015-05-14,6,8,64,7,24,25,17,17,11,15,0,8,57,0,75,25,5,25,11,25,3,25,40,4,199,16,33,19,29,34,34,5,54,16,11,91,65,4,11,11,4,19,0,22,73,11,45,3,0,7,15,113,114,19,15,21,15,11,58,8,24,0,182,8
2015-05-15,5,10,67,9,33,24,17,17,5,21,4,6,63,4,67,21,9,21,25,21,10,30,21,8,260,21,36,31,8,44,31,9,29,23,25,134,61,8,25,18,8,31,4,18,90,36,56,11,4,9,21,125,137,31,21,27,21,13,75,24,29,4,233,19
2015-05-16,3,12,38,9,7,22,28,28,7,9,0,13,32,0,47,23,3,23,17,23,1,33,11,5,137,3,16,9,7,45,45,3,30,19,17,65,58,5,17,3,5,9,0,13,61,7,30,11,0,9,9,141,106,9,9,9,9,4,47,16,21,0,163,8
2015-05-17,3,5,30,8,12,21,8,8,1,12,3,22,47,3,41,19,5,19,7,19,1,15,14,6,142,8,17,5,9,38,27,5,28,2,7,47,57,6,7,1,6,5,3,16,48,13,17,0,3,8,12,101,76,5,12,8,12,5,46,3,9,3,130,11
2015-05-18,1,10,52,3,23,24,17,17,7,12,0,9,39,0,52,17,6,17,15,17,3,25,17,4,178,8,22,21,12,36,30,6,29,26,15,57,50,4,15,10,4,21,0,12,59,13,31,5,0,3,12,122,103,21,12,7,12,5,63,11,24,0,171,12
2015-05-19,5,4,43,12,10,26,20,20,13,9,2,15,34,2,50,15,12,15,2,15,1,24,23,3,143,2,17,11,19,22,35,12,34,20,2,58,45,3,2,5,3,11,2,12,46,14,19,4,2,12,9,114,90,11,9,10,9,4,58,8,9,2,130,13
2015-05-20,4,5,57,6,22,21,17,17,14,9,1,9,47,1,42,28,1,28,11,28,4,38,21,6,187,16,22,19,14,30,29,1,42,25,11,81,58,6,11,7,6,19,1,15,57,19,35,9,1,6,9,132,99,19,9,26,9,7,63,22,9,1,171,12
2015-05-21,2,9,57,1,21,12,20,20,7,9,3,17,56,3,39,26,4,26,5,26,4,26,13,12,165,9,30,11,13,33,40,4,39,24,5,36,42,12,5,7,12,11,3,23,54,4,14,7,3,1,9,134,81,11,9,6,9,0,48,7,8,3,165,10
2015-05-22,8,12,49,7,25,27,23,23,8,18,2,13,52,2,69,27,3,27,8,27,8,39,8,5,185,8,31,16,8,42,38,3,35,23,8,72,72,5,8,15,5,16,2,16,74,19,33,6,2,7,18,157,143,16,18,10,18,0,65,8,23,2,201,14
2015-05-23,11,5,50,5,25,25,12,12,19,3,1,17,49,1,64,22,11,22,15,22,2,39,20,8,191,5,27,16,15,42,24,11,37,30,15,55,60,8,15,11,8,16,1,16,61,17,25,2,1,5,3,139,104,16,3,9,3,5,66,8,16,1,184,9
2015-05-24,2,12,49,6,16,12,5,5,6,9,3,12,31,3,60,25,7,25,12,25,5,24,30,2,170,6,13,19,21,39,19,7,46,18,12,77,44,2,12,4,2,19,3,9,47,9,45,4,3,6,9,97,76,19,9,22,9,9,56,6,23,3,141,10
2015-05-25,3,10,47,11,13,15,14,14,15,12,0,25,51,0,34,17,4,17,9,17,2,32,31,12,187,3,23,12,17,48,29,4,34,28,9,62,54,12,9,10,12,12,0,13,40,4,11,6,0,11,12,135,71,12,12,5,12,14,51,8,6,0,157,10
2015-05-26,9,0,45,12,16,15,28,28,13,15,0,9,31,0,27,6,4,6,0,6,0,38,8,3,119,4,18,24,6,15,38,4,12,32,0,80,41,3,0,5,3,24,0,13,34,10,27,16,0,12,15,106,74,24,15,20,15,2,49,23,7,0,112,5
2015-05-27,8,0,36,6,22,18,9,9,22,12,1,27,45,1,68,21,8,21,8,21,6,41,23,2,158,10,8,11,17,45,19,8,38,29,8,54,50,2,8,5,2,11,1,3,46,17,28,3,1,6,12,116,88,11,12,11,12,6,55,6,17,1,159,10
2015-05-28,3,13,34,9,9,16,14,14,9,18,0,3,35,0,44,26,5,26,15,26,7,27,11,9,171,3,29,10,1,35,18,5,27,15,15,59,43,9,15,12,9,10,0,17,26,23,19,3,0,9,18,109,101,10,18,8,18,10,42,6,11,0,166,11
2015-05-29,6,9,70,17,32,27,18,18,8,21,2,14,65,2,59,28,9,28,20,28,15,36,30,7,227,22,29,6,22,52,37,9,50,24,20,89,67,7,20,17,7,6,2,12,86,28,22,12,2,17,21,139,125,6,21,15,21,8,75,17,7,2,211,23
2015-05-30,14,11,53,8,34,20,28,28,4,6,1,20,59,1,65,16,10,16,12,16,3,25,19,2,178,11,28,16,14,44,35,10,30,20,12,66,50,2,12,15,2,16,1,13,63,17,30,7,1,8,6,138,116,16,6,11,6,5,62,14,19,1,182,7
2015-05-31,2,8,21,9,5,13,5,5,10,3,0,13,28,0,44,36,7,36,4,36,1,25,7,11,113,3,12,9,5,29,13,7,41,14,4,53,29,11,4,4,11,9,0,8,40,8,23,4,0,9,3,105,73,9,3,11,3,2,30,7,12,0,129,4
2015-06-01,4,5,51,7,23,16,24,24,19,15,4,16,55,4,61,40,4,40,16,40,7,53,22,13,247,9,30,31,11,43,49,4,51,39,16,79,76,13,16,19,13,31,4,11,60,13,25,10,4,7,15,180,138,31,15,6,15,11,70,12,19,4,229,16
2015-06-02,4,2,58,4,23,10,15,15,10,15,1,19,55,1,68,33,4,33,21,33,4,32,39,1,219,15,21,16,33,48,38,4,66,14,21,61,61,1,21,10,1,16,1,11,56,15,13,0,1,4,15,120,94,16,15,6,15,6,80,6,7,1,179,14
2015-06-03,10,6,52,4,28,15,12,12,1,9,0,6,32,0,49,17,1,17,16,17,6,18,33,5,169,10,16,12,23,34,24,1,40,11,16,49,61,5,16,9,5,12,0,7,43,14,19,2,0,4,9,99,91,12,9,7,9,10,65,8,12,0,138,15
2015-06-04,4,10,40,8,32,28,7,7,7,12,2,13,56,2,47,22,8,22,9,22,2,24,19,4,164,25,18,14,15,41,21,8,37,14,9,66,55,4,9,9,4,14,2,9,79,10,28,4,2,8,12,103,84,14,12,14,12,4,48,11,14,2,156,7
2015-06-05,2,11,68,11,23,21,18,18,18,15,2,23,59,2,61,20,6,20,3,20,6,28,27,3,235,9,27,30,23,39,43,6,43,30,3,85,56,3,3,10,3,30,2,17,67,22,30,0,2,11,15,145,112,30,15,10,15,4,76,10,20,2,203,21
2015-06-06,8,18,59,13,16,18,15,15,11,15,1,15,49,1,47,11,7,11,7,11,7,30,14,5,186,6,28,16,12,40,30,7,23,26,7,72,42,5,7,10,5,16,1,18,45,29,20,13,1,13,15,123,91,16,15,14,15,2,63,20,6,1,161,15
2015-06-07,2,8,35,13,20,12,4,4,13,21,2,18,60,2,51,27,8,27,3,27,0,16,21,5,165,17,25,3,13,30,12,8,40,14,3,66,25,5,3,9,5,3,2,16,47,13,20,0,2,13,21,87,68,3,21,9,21,8,33,5,11,2,149,3
2015-06-08,9,6,56,6,14,14,17,17,11,9,1,8,30,1,73,26,7,26,6,26,5,27,29,7,158,0,22,12,19,23,37,7,45,20,6,70,58,7,6,6,7,12,1,16,46,17,42,4,1,6,9,116,105,12,9,19,9,10,59,11,23,1,158,12
2015-06-09,0,18,34,7,11,14,17,17,5,12,3,17,58,3,54,22,4,22,11,22,4,30,16,4,191,11,30,11,11,48,41,4,33,12,11,55,57,4,11,23,4,11,3,7,43,14,41,7,3,7,12,128,120,11,12,14,12,5,58,12,27,3,190,16
2015-06-10,4,4,47,23,21,22,20,20,8,12,0,2,28,0,31,11,7,11,9,11,8,17,15,13,152,11,15,25,15,18,34,7,26,17,9,76,39,13,9,6,13,25,0,9,53,18,12,3,0,23,12,95,76,25,12,10,12,0,46,9,2,0,128,14
2015-06-11,12,18,43,13,32,17,16,16,22,18,0,14,50,0,39,22,3,22,26,22,4,40,8,10,221,16,20,21,8,59,34,3,30,37,26,95,51,10,26,9,10,21,0,11,65,13,27,11,0,13,18,161,99,21,18,21,18,0,51,16,6,0,200,16
2015-06-12,11,13,43,2,21,14,8,8,5,9,1,19,38,1,58,27,5,27,11,27,0,22,26,12,170,6,13,3,17,48,23,5,44,13,11,51,57,12,11,1,12,3,1,12,44,15,30,4,1,2,9,126,84,3,9,17,9,9,59,10,13,1,157,6
2015-06-13,9,11,52,12,22,24,6,6,3,6,0,6,54,0,50,40,5,40,11,40,4,26,18,5,186,6,42,10,12,38,32,5,52,17,11,61,76,5,11,29,5,10,0,13,57,13,40,7,0,12,6,131,138,10,6,21,6,6,63,16,19,0,191,16
2015-06-14,0,7,50,13,22,16,19,19,10,15,0,2,27,0,25,7,4,7,3,7,6,21,14,2,140,7,18,21,8,17,36,4,15,29,3,80,42,2,3,6,2,21,0,12,57,11,24,4,0,13,15,91,73,21,15,12,15,6,50,9,12,0,129,17
2015-06-15,2,7,80,6,24,15,20,20,20,9,4,18,38,4,55,28,2,28,12,28,8,51,38,7,210,12,8,15,28,41,35,2,56,46,12,70,55,7,12,1,7,15,4,7,57,19,26,16,4,6,9,160,89,15,9,17,9,10,88,27,9,4,182,16
2015-06-16,2,20,34,7,9,17,6,6,18,21,1,6,21,1,30,8,5,8,14,8,0,38,27,6,169,5,10,8,13,46,12,5,21,22,14,65,52,6,14,0,6,8,1,10,34,7,20,2,1,7,21,99,47,8,21,6,21,14,47,9,14,1,127,5
2015-06-17,13,8,55,2,25,8,7,7,11,12,3,7,42,3,72,23,3,23,11,23,3,35,24,11,170,9,26,10,24,33,17,3,47,20,11,44,46,11,11,8,11,10,3,18,28,6,44,6,3,2,12,108,89,10,12,19,12,0,57,7,25,3,157,6
2015-06-18,4,12,49,0,15,8,24,24,15,6,1,11,44,1,44,28,5,28,13,28,3,34,12,9,161,5,28,8,8,42,41,5,36,30,13,29,38,9,13,5,9,8,1,23,26,8,19,9,1,0,6,137,94,8,6,9,6,4,50,9,10,1,187,15
2015-06-19,12,2,66,7,35,20,17,17,6,12,4,24,69,4,80,12,4,12,16,12,2,29,25,5,219,10,35,13,19,50,32,4,31,23,16,64,68,5,16,20,5,13,4,15,60,32,35,4,4,7,12,132,127,13,12,14,12,6,95,17,21,4,211,12
2015-06-20,6,10,25,5,20,12,4,4,15,27,0,7,35,0,56,15,3,15,19,15,5,25,12,4,162,11,17,11,7,42,19,3,22,21,19,69,42,4,19,12,4,11,0,5,44,15,36,3,0,5,27,83,89,11,27,12,27,5,36,5,24,0,156,11
2015-06-21,8,8,45,6,25,14,3,3,11,9,1,5,40,1,48,22,8,22,7,22,3,29,20,8,159,13,22,9,13,22,17,8,35,22,7,58,46,8,7,7,8,9,1,15,56,14,18,7,1,6,9,98,73,9,9,9,9,7,53,10,9,1,135,10
2015-06-22,7,6,53,10,22,17,18,18,14,3,1,23,56,1,62,29,4,29,9,29,5,28,19,7,176,14,19,12,19,44,32,4,48,21,9,44,42,7,9,5,7,12,1,14,46,22,29,6,1,10,3,132,108,12,3,13,3,0,57,14,16,1,190,11
2015-06-23,6,6,59,3,24,17,8,8,2,15,0,11,35,0,69,10,3,10,12,10,10,10,26,10,155,7,17,2,23,30,15,3,33,13,12,65,38,10,12,8,10,2,0,9,61,24,46,0,0,3,15,87,91,2,15,21,15,3,58,6,25,0,146,12
2015-06-24,4,2,42,9,21,18,24,24,19,9,4,20,53,4,58,24,6,24,6,24,4,32,13,2,161,10,23,8,10,32,42,6,34,31,6,55,45,2,6,10,2,8,4,13,63,14,31,5,4,9,9,132,118,8,9,7,9,3,49,8,24,4,188,13
2015-06-25,4,12,41,0,16,16,8,8,9,15,1,8,50,1,63,26,3,26,4,26,3,27,27,3,191,11,31,19,12,26,38,3,38,11,4,73,79,3,4,12,3,19,1,19,52,13,44,1,1,0,15,112,109,19,15,18,15,15,53,6,26,1,166,15
2015-06-26,9,19,60,15,12,16,21,21,15,12,0,15,43,0,80,33,3,33,14,33,3,38,33,5,207,2,26,21,21,51,32,3,54,26,14,94,58,5,14,10,5,21,0,16,49,20,30,10,0,15,12,155,120,21,12,11,12,12,66,19,19,0,197,7
2015-06-27,4,16,67,10,22,22,26,26,16,12,1,11,53,1,63,11,4,11,14,11,5,29,29,8,220,13,29,15,24,45,52,4,35,24,14,75,63,8,14,8,8,15,1,21,66,24,34,3,1,10,12,141,117,15,12,16,12,5,78,12,18,1,212,22
2015-06-28,0,2,29,5,17,11,8,8,8,9,0,8,44,0,37,17,5,17,2,17,3,21,14,8,130,11,25,5,8,16,21,5,25,16,2,36,36,8,2,19,8,5,0,6,36,10,22,2,0,5,9,81,80,5,9,7,9,6,43,6,15,0,133,12
2015-06-29,0,9,38,3,8,20,10,10,8,9,0,13,34,0,29,15,5,15,12,15,6,30,17,10,148,4,17,13,10,40,19,5,25,20,12,51,45,10,12,9,10,13,0,8,40,12,20,8,0,3,9,104,71,13,9,12,9,7,46,10,8,0,132,10
2015-06-30,11,5,68,7,20,26,18,18,13,9,2,8,47,2,51,14,3,14,2,14,12,22,43,4,170,8,31,6,23,20,31,3,37,15,2,64,75,4,2,9,4,6,2,22,49,21,26,1,2,7,9,107,104,6,9,15,9,20,48,10,11,2,147,18
2015-07-01,2,5,39,16,18,20,20,20,11,9,0,22,44,0,44,20,10,20,4,20,4,26,17,9,158,8,14,19,12,38,33,10,32,22,4,79,42,9,4,8,9,19,0,6,57,13,29,3,0,16,9,122,88,19,9,15,9,5,51,9,14,0,162,11
2015-07-02,5,9,54,11,9,28,7,7,15,3,1,22,55,1,51,18,6,18,10,18,0,41,14,2,157,0,33,21,12,50,16,6,30,28,10,75,55,2,10,10,2,21,1,23,56,7,38,9,1,11,3,125,86,21,3,19,3,2,53,15,19,1,159,4
2015-07-03,7,13,76,12,13,32,28,28,13,12,1,21,52,1,83,47,13,47,7,47,11,43,27,2,245,3,28,26,19,42,47,13,66,32,7,102,67,2,7,14,2,26,1,14,76,37,43,16,1,12,12,191,175,26,12,16,12,8,87,29,27,1,239,20
2015-07-04,8,12,88,10,36,39,25,25,8,30,4,11,75,4,82,36,8,36,9,36,18,50,29,16,270,22,42,9,21,46,61,8,57,33,9,100,106,16,9,22,16,9,4,20,115,32,41,19,4,10,30,195,188,9,30,17,30,8,97,23,24,4,271,32
2015-07-05,0,7,24,2,9,7,9,9,11,9,2,3,19,2,34,14,4,14,26,14,3,20,7,8,126,6,10,6,4,37,29,4,18,18,26,38,31,8,26,3,8,6,2,7,35,9,27,4,2,2,9,76,63,6,9,9,9,3,32,7,18,2,135,13
2015-07-06,2,7,44,8,17,27,18,18,0,15,0,9,38,0,50,30,6,30,4,30,3,6,19,7,159,6,23,10,10,24,34,6,40,9,4,60,54,7,4,11,7,10,0,12,51,21,26,0,0,8,15,118,120,10,15,12,15,9,56,10,14,0,165,16
2015-07-07,10,15,42,16,22,20,9,9,12,18,0,5,47,0,63,34,7,34,5,34,3,31,17,5,174,9,33,8,9,30,22,7,43,21,5,76,57,5,5,15,5,8,0,18,47,11,38,6,0,16,18,128,119,8,18,16,18,8,47,9,22,0,176,11
2015-07-08,0,7,27,15,16,11,17,17,12,24,4,20,56,4,51,25,2,25,3,25,2,37,18,7,186,16,20,13,7,39,34,2,32,16,3,86,58,7,3,7,7,13,4,13,53,14,22,4,4,15,24,121,95,13,24,6,24,11,52,5,16,4,174,10
2015-07-09,8,2,50,8,20,16,18,18,5,12,1,10,36,1,72,36,5,36,10,36,2,27,22,10,165,3,23,9,14,24,38,5,50,23,10,56,60,10,10,10,10,9,1,13,47,8,37,9,1,8,12,141,129,9,12,8,12,8,63,12,29,1,177,14
2015-07-10,6,8,43,3,21,24,21,21,5,15,3,11,51,3,58,25,2,25,9,25,0,25,26,8,180,11,29,11,17,32,36,2,42,13,9,62,68,8,9,17,8,11,3,12,58,8,30,4,3,3,15,135,121,11,15,11,15,9,58,10,19,3,171,9
2015-07-11,5,3,35,17,26,16,17,17,9,9,2,6,37,2,42,13,7,13,14,13,5,26,18,5,156,21,10,17,10,32,31,7,23,11,14,68,51,5,14,1,5,17,2,9,49,20,25,2,2,17,9,84,80,17,9,10,9,8,51,11,15,2,151,14
2015-07-12,0,5,48,6,27,18,5,5,15,9,1,11,57,1,48,20,3,20,11,20,3,45,14,4,190,17,29,15,8,31,20,3,28,33,11,61,58,4,11,11,4,15,1,18,70,15,22,8,1,6,9,120,90,15,9,6,9,6,69,9,16,1,171,12
2015-07-13,6,1,40,15,10,15,15,15,16,12,5,8,27,5,55,19,3,19,11,19,5,35,14,3,140,1,18,17,13,20,22,3,32,25,11,72,39,3,11,5,3,17,5,13,34,11,29,6,5,15,12,106,86,17,12,15,12,1,45,6,14,5,124,9
2015-07-14,2,2,63,13,5,8,10,10,4,24,0,15,59,0,45,19,7,19,5,19,4,25,30,5,162,2,42,8,25,29,20,7,44,11,5,71,33,5,5,17,5,8,0,25,27,7,16,6,0,13,24,76,61,8,24,12,24,5,53,8,4,0,126,7
2015-07-15,4,10,49,5,26,17,11,11,20,6,1,7,35,1,34,11,6,11,22,11,6,45,17,6,220,14,14,38,9,42,34,6,20,35,22,86,64,6,22,5,6,38,1,9,70,20,23,7,1,5,6,123,80,38,6,8,6,8,69,17,15,1,174,19
2015-07-16,4,8,66,3,25,12,23,23,9,12,1,13,53,1,63,17,5,17,15,17,6,25,27,4,204,11,29,17,18,40,37,5,35,23,15,73,46,4,15,12,4,17,1,17,56,23,36,4,1,3,12,118,110,17,12,12,12,9,72,15,24,1,201,17
2015-07-17,8,3,49,18,32,25,22,22,17,24,3,14,54,3,85,40,4,40,12,40,11,41,27,7,233,14,26,20,21,38,36,4,61,27,12,101,73,7,12,19,7,20,3,7,71,17,39,0,3,18,24,167,161,20,24,15,24,6,71,0,24,3,225,21
2015-07-18,5,13,47,5,25,11,8,8,5,6,2,3,41,2,47,27,4,27,14,27,4,29,16,7,177,18,20,27,15,36,21,4,42,17,14,56,40,7,14,7,7,27,2,13,45,11,21,10,2,5,6,103,83,27,6,8,6,1,56,13,13,2,155,12
2015-07-19,6,7,50,5,19,19,22,22,16,6,2,8,37,2,38,21,5,21,12,21,10,34,18,4,154,8,21,8,12,32,38,5,33,28,12,34,53,4,12,7,4,8,2,14,54,19,5,7,2,5,6,118,93,8,6,1,6,6,46,9,4,2,154,12
2015-07-20,9,16,64,2,27,16,10,10,17,18,1,2,57,1,51,16,4,16,3,16,10,37,19,6,210,15,40,15,11,24,38,4,27,27,3,75,70,6,3,14,6,15,1,26,55,19,44,7,1,2,18,125,112,15,18,22,18,8,60,14,22,1,189,27
2015-07-21,0,16,49,8,30,13,14,14,11,6,2,0,42,2,47,31,4,31,12,31,0,23,21,9,165,22,20,14,17,31,20,4,48,25,12,56,25,9,12,8,9,14,2,12,58,6,21,6,2,8,6,111,76,14,6,11,6,4,47,12,10,2,166,4
2015-07-22,3,8,53,5,11,18,14,14,11,24,0,13,51,0,53,35,7,35,4,35,4,32,6,13,175,3,35,11,6,27,32,7,41,28,4,70,41,13,4,9,13,11,0,26,51,10,31,12,0,5,24,142,110,11,24,13,24,0,48,12,18,0,181,14
2015-07-23,4,2,42,4,16,25,18,18,2,18,1,7,48,1,50,19,11,19,18,19,5,14,10,9,153,9,32,11,7,33,37,11,26,5,18,59,52,9,18,8,9,11,1,24,58,10,36,0,1,4,18,93,103,11,18,12,18,3,36,3,24,1,168,14
2015-07-24,8,10,63,13,9,23,21,21,12,24,1,15,42,1,90,40,6,40,16,40,3,39,34,8,238,0,27,17,29,50,52,6,69,22,16,106,79,8,16,10,8,17,1,17,61,18,39,9,1,13,24,175,158,17,24,16,24,5,97,13,23,1,225,28
2015-07-25,7,13,43,13,18,16,12,12,22,15,1,3,40,1,52,24,4,24,5,24,5,36,18,3,174,8,29,11,12,23,27,4,36,31,5,69,48,3,5,13,3,11,1,16,42,10,34,6,1,13,15,122,109,11,15,13,15,6,45,7,21,1,166,16
2015-07-26,8,6,40,15,21,18,9,9,4,24,1,14,36,1,49,19,8,19,7,19,5,9,13,0,127,8,14,8,11,30,15,8,30,11,7,82,29,0,7,3,0,8,1,11,45,13,40,2,1,15,24,79,75,8,24,23,24,2,31,8,17,1,121,7
2015-07-27,11,7,40,2,25,14,12,12,11,3,1,8,38,1,64,50,3,50,6,50,3,25,11,3,150,10,20,13,9,23,33,3,59,21,6,62,53,3,6,6,3,13,1,14,55,9,42,6,1,2,3,141,125,13,3,24,3,2,45,10,18,1,172,15
2015-07-28,2,7,47,4,20,33,12,12,12,6,1,12,43,1,42,10,9,10,10,10,1,23,21,0,144,9,22,6,13,33,19,9,23,27,10,58,46,0,10,11,0,6,1,11,77,16,28,6,1,4,6,99,89,6,6,11,6,8,52,13,17,1,144,5
2015-07-29,0,8,32,4,8,21,14,14,19,6,1,11,29,1,46,16,4,16,10,16,0,39,18,6,153,7,11,11,13,29,34,4,29,25,10,43,57,6,10,1,6,11,1,10,50,16,19,5,1,4,6,119,78,11,6,9,6,5,57,8,10,1,136,7
2015-07-30,2,10,47,5,21,39,15,15,7,6,1,7,33,1,45,26,15,26,6,26,2,22,23,5,165,5,21,21,13,37,31,15,39,21,6,65,67,5,6,8,5,21,1,13,73,12,19,0,1,5,6,126,107,21,6,9,6,10,67,5,10,1,167,17
2015-07-31,4,14,40,7,15,13,11,11,13,12,0,11,25,0,43,23,3,23,7,23,4,33,19,5,162,0,14,6,7,35,27,3,30,28,7,60,58,5,7,9,5,6,0,5,45,19,25,4,0,7,12,126,88,6,12,11,12,12,60,13,14,0,152,11
2015-08-01,6,13,34,9,23,22,22,22,3,24,1,10,48,1,45,16,7,16,9,16,6,26,8,10,186,15,23,10,8,38,45,7,24,6,9,62,66,10,9,10,10,10,1,13,58,22,24,1,1,9,24,125,110,10,24,12,24,0,60,5,12,1,174,17
2015-08-02,2,5,54,2,17,10,16,16,3,15,5,3,30,5,59,28,4,28,8,28,4,11,33,2,151,8,19,6,28,19,28,4,56,15,8,48,28,2,8,12,2,6,5,7,45,16,17,5,5,2,15,81,90,6,15,8,15,5,59,8,9,5,131,8
2015-08-03,0,5,33,7,4,19,21,21,6,12,1,25,51,1,36,39,3,39,6,39,0,29,11,5,154,3,23,9,5,40,30,3,44,15,6,40,46,5,6,11,5,9,1,12,32,7,19,8,1,7,12,141,108,9,12,2,12,6,40,15,17,1,166,4
2015-08-04,4,9,49,5,14,16,6,6,14,0,2,15,33,2,65,18,2,18,12,18,6,36,29,7,169,7,11,13,18,40,25,2,36,25,12,47,62,7,12,3,7,13,2,8,38,23,31,8,2,5,0,119,90,13,0,14,0,11,71,14,17,2,157,17
2015-08-05,11,6,56,4,20,14,18,18,3,3,0,16,36,0,73,23,7,23,4,23,6,11,19,12,146,2,18,17,19,26,26,7,42,14,4,53,30,12,4,4,12,17,0,14,36,19,45,4,0,4,3,115,105,17,3,20,3,0,51,10,25,0,157,10
2015-08-06,9,17,34,9,19,18,15,15,5,6,1,2,30,1,55,20,7,20,8,20,1,19,23,6,147,9,19,15,19,27,32,7,39,11,8,64,50,6,8,13,6,15,1,6,50,11,27,5,1,9,6,106,91,15,6,19,6,4,50,7,8,1,127,7
2015-08-07,2,13,57,12,15,19,16,16,14,30,1,12,41,1,72,30,9,30,10,30,4,26,32,12,201,9,20,2,27,37,38,9,57,24,10,90,45,12,10,4,12,2,1,16,69,14,25,6,1,12,30,137,103,2,30,12,30,5,67,6,13,1,183,18
2015-08-08,17,10,68,14,36,29,9,9,11,15,0,17,48,0,74,26,6,26,19,26,3,23,28,2,203,10,21,8,25,48,26,6,51,24,19,76,68,2,19,10,2,8,0,11,72,29,31,4,0,14,15,140,112,8,15,23,15,3,78,20,8,0,179,9
2015-08-09,4,5,42,11,17,19,9,9,4,9,2,12,45,2,44,8,5,8,5,8,8,20,19,14,135,11,22,13,17,32,19,5,25,11,5,64,41,14,5,13,14,13,2,9,54,9,25,5,2,11,9,85,78,13,9,10,9,2,43,6,15,2,133,15
2015-08-10,4,8,76,6,22,8,11,11,9,6,1,19,45,1,58,18,2,18,15,18,10,38,24,0,182,5,21,14,23,48,26,2,41,33,15,48,44,0,15,7,0,14,1,14,42,20,25,11,1,6,6,120,84,14,6,11,6,1,84,16,14,1,168,19
2015-08-11,0,5,56,8,15,12,8,8,21,15,0,25,55,0,47,16,5,16,5,16,9,47,31,3,217,9,21,22,26,36,23,5,42,32,5,79,48,3,5,12,3,22,0,9,38,15,32,5,0,8,15,126,76,22,15,23,15,5,74,6,9,0,154,19
2015-08-12,5,6,61,10,15,21,11,11,11,6,3,11,44,3,55,29,3,29,9,29,7,35,17,6,175,5,28,16,14,30,24,3,43,23,9,64,56,6,9,4,6,16,3,24,45,17,35,7,3,10,6,130,103,16,6,20,6,3,61,11,15,3,165,15
2015-08-13,5,12,28,3,13,24,3,3,2,9,1,6,34,1,53,19,6,19,11,19,7,19,13,5,138,8,20,19,7,31,18,6,26,6,11,71,57,5,11,11,5,19,1,9,70,10,32,4,1,3,9,90,96,19,9,6,9,6,32,5,26,1,129,12
2015-08-14,11,12,44,9,23,25,20,20,14,15,2,16,41,2,73,40,10,40,17,40,5,50,18,6,206,6,19,12,12,48,48,10,52,30,17,78,86,6,17,9,6,12,2,10,76,15,31,10,2,9,15,183,135,12,15,15,15,6,74,11,16,2,200,15
2015-08-15,0,12,59,6,11,19,13,13,11,15,1,13,32,1,34,20,5,20,16,20,8,33,28,5,176,6,13,5,18,45,35,5,38,22,16,68,62,5,16,0,5,5,1,13,70,17,15,6,1,6,15,117,68,5,15,8,15,10,60,15,7,1,148,14
2015-08-16,9,9,56,5,29,12,20,20,14,0,3,13,41,3,39,12,5,12,9,12,5,49,19,5,166,10,18,9,13,41,25,5,25,32,9,47,54,5,9,3,5,9,3,15,44,17,27,8,3,5,0,126,74,9,0,18,0,6,72,13,9,3,158,7
2015-08-17,3,5,57,13,24,33,17,17,1,0,2,25,59,2,69,26,11,26,7,26,2,23,29,6,187,14,20,20,22,41,35,11,48,16,7,58,64,6,7,13,6,20,2,7,70,22,26,8,2,13,0,141,120,20,0,9,0,7,82,19,17,2,182,13
2015-08-18,4,5,50,10,16,15,11,11,5,15,1,10,39,1,68,29,7,29,4,29,6,19,31,4,156,12,17,16,22,24,24,7,51,9,4,70,44,4,4,8,4,16,1,9,44,19,19,4,1,10,15,94,91,16,15,7,15,9,58,13,12,1,142,15
2015-08-19,6,20,65,14,20,13,8,8,8,6,1,21,74,1,46,21,3,21,7,21,1,21,27,5,211,10,43,14,18,49,26,3,39,18,7,61,50,5,7,20,5,14,1,23,46,19,13,6,1,14,6,125,87,14,6,7,6,9,63,19,6,1,183,11
2015-08-20,2,11,47,3,10,14,15,15,11,12,2,6,33,2,35,14,4,14,8,14,6,32,27,4,157,5,22,10,16,26,19,4,30,20,8,66,42,4,8,8,4,10,2,14,34,10,29,6,2,3,12,99,70,10,12,19,12,11,47,8,10,2,123,9
2015-08-21,6,10,43,8,18,28,12,12,24,6,0,10,40,0,62,22,6,22,11,22,4,38,18,5,168,4,26,12,9,38,39,6,31,32,11,77,78,5,11,11,5,12,0,15,76,13,48,0,0,8,6,137,116,12,6,22,6,9,51,7,26,0,189,15
2015-08-22,8,9,52,3,18,21,19,19,15,18,0,4,29,0,50,21,9,21,15,21,11,32,28,7,198,6,19,19,15,30,33,9,36,24,15,79,59,7,15,8,7,19,0,11,46,20,30,5,0,3,18,125,109,19,18,14,18,13,56,11,16,0,168,22
2015-08-23,2,5,19,8,6,18,8,8,4,15,3,7,24,3,39,18,6,18,6,18,3,14,10,5,108,3,14,10,5,19,22,6,23,7,6,62,41,5,6,10,5,10,3,4,47,7,32,2,3,8,15,74,78,10,15,10,15,5,23,6,22,3,104,6
2015-08-24,0,14,23,4,4,12,10,10,16,18,0,5,19,0,31,10,4,10,12,10,0,41,18,2,133,3,11,16,10,42,17,4,20,22,12,68,43,2,12,4,2,16,0,7,28,4,24,5,0,4,18,82,47,16,18,15,18,8,42,5,9,0,110,2
2015-08-25,0,15,47,9,8,7,9,9,20,12,5,16,32,5,43,15,4,15,9,15,1,41,24,0,152,5,11,3,19,43,26,4,34,36,9,51,33,0,9,3,0,3,5,8,34,6,25,13,5,9,12,109,58,3,12,10,12,5,58,16,15,5,137,11
2015-08-26,3,9,33,11,12,20,14,14,18,18,2,6,38,2,44,40,5,40,19,40,4,31,7,5,184,8,24,11,4,37,25,5,44,19,19,77,45,5,19,9,5,11,2,15,44,19,30,0,2,11,18,130,109,11,18,21,18,3,42,9,9,2,184,13
2015-08-27,14,3,62,5,34,17,9,9,4,9,0,15,55,0,54,29,4,29,5,29,10,23,14,3,156,13,27,8,13,30,20,4,42,17,5,57,52,3,5,12,3,8,0,15,62,21,21,6,0,5,9,118,106,8,9,11,9,1,59,17,10,0,162,19
2015-08-28,9,5,61,6,34,17,23,23,12,12,1,15,58,1,55,17,2,17,21,17,8,33,17,9,224,13,30,16,17,44,40,2,34,27,21,62,59,9,21,16,9,16,1,14,76,29,16,3,1,6,12,140,117,16,12,6,12,0,76,10,10,1,204,13
2015-08-29,10,8,36,1,26,6,23,23,22,6,1,10,41,1,51,11,1,11,12,11,2,41,17,6,160,13,18,9,11,35,39,1,22,29,12,37,52,6,12,7,6,9,1,11,40,14,24,4,1,1,6,118,88,9,6,7,6,6,51,9,17,1,168,8
2015-08-30,5,15,22,5,8,12,13,13,7,0,0,10,29,0,28,22,6,22,5,22,2,21,11,0,104,2,17,9,9,37,22,6,31,11,5,38,33,0,5,11,0,9,0,6,34,3,14,3,0,5,0,91,71,9,0,7,0,2,30,4,7,0,114,7
2015-08-31,8,4,45,10,18,17,7,7,2,12,1,16,49,1,72,32,2,32,3,32,3,17,23,4,158,5,28,7,20,27,27,2,52,8,3,52,60,4,3,13,4,7,1,15,45,13,22,1,1,10,12,118,115,7,12,8,12,3,64,2,14,1,151,17
2015-09-01,4,13,40,14,18,22,24,24,12,9,1,16,42,1,45,12,7,12,7,12,4,34,15,9,153,7,19,7,9,40,45,7,21,29,7,56,58,9,7,13,9,7,1,6,57,8,31,10,1,14,9,142,107,7,9,8,9,6,54,14,23,1,173,16
2015-09-02,14,4,35,7,18,17,10,10,7,12,1,4,25,1,68,15,2,15,11,15,3,21,13,4,138,4,17,23,11,20,15,2,26,10,11,63,47,4,11,7,4,23,1,10,34,20,30,3,1,7,12,90,100,23,12,7,12,2,46,11,23,1,124,7
2015-09-03,4,21,42,8,18,14,20,20,6,18,3,6,38,3,51,11,4,11,10,11,3,26,15,3,165,11,21,10,15,42,46,4,26,16,10,58,53,3,10,12,3,10,3,9,53,17,26,7,3,8,18,110,94,10,18,12,18,0,63,12,14,3,159,14
2015-09-04,10,4,33,7,25,19,22,22,9,18,5,11,45,5,67,27,7,27,17,27,1,27,11,0,210,7,27,35,5,40,43,7,32,19,17,125,65,0,17,20,0,35,5,7,71,24,57,2,5,7,18,125,143,35,18,31,18,6,66,12,26,5,202,13
2015-09-05,8,8,43,6,26,18,19,19,13,6,2,15,61,2,55,28,2,28,13,28,2,31,24,5,181,13,33,17,9,42,31,2,37,26,13,89,61,5,13,14,5,17,2,19,56,4,46,8,2,6,6,138,116,17,6,28,6,15,43,8,18,2,189,11
2015-09-06,0,7,23,4,9,14,4,4,10,9,1,14,27,1,21,15,2,15,9,15,5,22,8,2,124,3,10,19,5,36,13,2,20,16,9,54,36,2,9,4,2,19,1,6,38,6,18,0,1,4,9,81,55,19,9,8,9,3,29,1,10,1,107,10
2015-09-07,5,5,49,9,25,21,7,7,12,15,1,20,58,1,54,26,8,26,15,26,3,26,13,3,157,15,23,3,11,45,27,8,37,23,15,60,48,3,15,7,3,3,1,16,72,16,31,6,1,9,15,107,81,3,15,18,15,2,45,14,13,1,167,5
2015-09-08,0,6,55,3,17,19,17,17,10,15,1,16,59,1,55,25,3,25,5,25,5,25,19,5,188,17,26,15,13,34,28,3,38,13,5,60,45,5,5,4,5,15,1,22,60,28,24,3,1,3,15,108,104,15,15,3,15,6,56,15,21,1,188,10
2015-09-09,9,9,52,15,19,30,7,7,11,9,1,10,44,1,67,28,8,28,15,28,9,29,19,0,185,9,25,22,15,38,25,8,43,19,15,75,64,0,15,16,0,22,1,9,63,27,38,7,1,15,9,116,126,22,9,15,9,4,57,18,23,1,174,14
2015-09-10,5,8,62,4,16,15,21,21,12,9,1,22,43,1,57,21,8,21,4,21,13,19,37,4,191,8,13,20,26,35,46,8,47,20,4,82,50,4,4,6,4,20,1,7,52,25,32,5,1,4,9,124,102,20,9,22,9,11,63,13,10,1,167,28
2015-09-11,2,4,60,9,25,23,15,15,10,24,5,18,66,5,54,27,4,27,7,27,1,53,18,0,208,17,31,6,17,41,38,4,44,27,7,62,77,0,7,16,0,6,5,15,70,14,24,11,5,9,24,147,116,6,24,6,24,1,94,21,18,5,194,16
2015-09-12,6,9,45,10,23,9,8,8,4,24,1,14,49,1,72,22,3,22,8,22,7,31,25,12,202,16,19,10,21,39,35,3,43,13,8,98,62,12,8,13,12,10,1,6,54,20,51,8,1,10,24,120,113,10,24,30,24,4,81,10,21,1,181,26
2015-09-13,4,10,51,7,12,11,14,14,3,15,3,5,26,3,61,17,4,17,8,17,1,22,19,8,132,3,18,7,15,24,19,4,32,19,8,50,28,8,8,6,8,7,3,12,36,15,25,11,3,7,15,93,80,7,15,3,15,4,55,18,22,3,131,3
2015-09-14,0,6,46,14,14,22,10,10,9,12,4,12,43,4,61,22,6,22,11,22,4,20,22,7,153,10,21,8,13,31,21,6,35,19,11,61,41,7,11,2,7,8,4,19,52,15,33,6,4,14,12,97,89,8,12,11,12,9,41,6,22,4,153,6
2015-09-15,6,14,57,7,16,24,27,27,12,15,0,3,29,0,62,31,7,31,8,31,9,38,16,7,188,9,17,22,14,28,41,7,45,19,8,68,59,7,8,0,7,22,0,17,52,33,25,6,0,7,15,143,115,22,15,16,15,2,67,16,9,0,176,11
2015-09-16,6,9,38,7,22,20,17,17,10,6,3,7,31,3,54,20,4,20,8,20,3,25,14,4,139,10,14,18,8,26,40,4,28,22,8,59,60,4,8,3,4,18,3,11,63,12,30,6,3,7,6,115,96,18,6,11,6,6,45,10,19,3,145,10
2015-09-17,8,8,52,5,23,23,12,12,5,6,2,8,33,2,55,13,7,13,8,13,5,26,18,9,162,6,19,19,15,29,37,7,28,20,8,58,67,9,8,7,9,19,2,12,68,18,28,6,2,5,6,114,97,19,6,10,6,3,68,11,18,2,148,15
2015-09-18,1,7,65,12,15,26,8,8,25,27,0,8,47,0,74,21,4,21,15,21,9,50,21,2,211,12,27,16,19,35,22,4,40,41,15,100,50,2,15,8,2,16,0,19,66,27,40,14,0,12,27,128,118,16,27,19,27,2,76,16,21,0,192,21
2015-09-19,11,13,58,11,23,9,27,27,4,15,1,17,40,1,63,17,4,17,3,17,5,14,33,11,176,5,18,10,29,34,32,4,46,13,3,78,33,11,3,10,11,10,1,8,45,19,23,2,1,11,15,125,94,10,15,15,15,4,64,9,8,1,154,9
2015-09-20,8,8,15,3,13,7,11,11,9,9,0,19,50,0,53,26,1,26,12,26,0,24,11,6,156,5,26,17,7,41,21,1,33,12,12,53,40,6,12,21,6,17,0,5,29,9,23,3,0,3,9,110,99,17,9,9,9,4,35,3,14,0,151,4
2015-09-21,7,17,44,5,29,17,21,21,6,6,0,4,21,0,50,24,6,24,11,24,5,22,16,2,155,7,10,22,11,40,30,6,35,21,11,71,48,2,11,3,2,22,0,7,58,20,29,0,0,5,6,117,90,22,6,21,6,5,59,6,8,0,155,7
2015-09-22,9,11,60,13,15,11,8,8,28,9,0,7,32,0,49,22,2,22,4,22,4,47,37,8,174,1,24,3,21,28,24,2,43,41,4,62,61,8,4,9,8,3,0,15,40,11,18,8,0,13,9,127,79,3,9,7,9,16,59,15,11,0,153,11
2015-09-23,5,13,39,5,18,32,13,13,12,6,1,22,48,1,40,12,9,12,11,12,2,34,13,4,151,6,20,6,9,50,22,9,21,29,11,48,53,4,11,14,4,6,1,6,56,11,32,10,1,5,6,136,94,6,6,18,6,4,54,15,14,1,156,9
2015-09-26,6,2,35,4,16,26,23,23,17,12,0,16,34,0,58,29,10,29,7,29,7,33,16,6,153,8,10,13,13,29,39,10,42,25,7,52,51,6,7,10,6,13,0,0,57,18,25,6,0,4,12,137,121,13,12,7,12,3,50,13,18,0,168,15
2015-09-27,12,6,59,3,20,11,13,13,1,3,3,13,37,3,80,34,3,34,13,34,17,11,21,4,155,6,18,6,15,35,33,3,49,8,13,51,51,4,13,11,4,6,3,7,39,34,49,5,3,3,3,111,137,6,3,22,3,6,55,18,27,3,185,28
2015-09-28,6,14,30,16,14,14,19,19,11,9,3,3,27,3,53,18,2,18,7,18,0,30,11,5,139,4,20,15,11,31,35,2,29,19,7,59,49,5,7,11,5,15,3,9,47,10,19,4,3,16,9,112,99,15,9,2,9,0,52,6,17,3,147,8
2015-09-29,8,8,57,9,26,30,13,13,17,12,5,5,45,5,78,40,10,40,16,40,6,28,22,6,191,9,31,11,14,33,33,10,54,27,16,70,66,6,16,11,6,11,5,20,79,18,32,1,5,9,12,140,130,11,12,12,12,8,53,8,20,5,203,13
2015-09-30,9,9,40,9,19,29,15,15,12,15,1,12,40,1,59,22,5,22,5,22,1,38,15,4,155,6,22,12,14,33,27,5,36,21,5,56,67,4,5,9,4,12,1,13,48,6,36,5,1,9,15,138,112,12,15,14,15,1,57,8,22,1,154,9
2015-10-01,10,18,60,8,27,22,20,20,19,9,0,25,67,0,56,25,1,25,35,25,7,51,25,14,260,14,28,21,19,87,40,1,44,31,35,83,80,14,35,12,14,21,0,16,67,14,41,9,0,8,9,184,118,21,9,25,9,6,67,15,16,0,246,13
2015-10-02,7,8,30,6,18,18,26,26,12,24,0,9,42,0,34,20,4,20,5,20,5,23,14,2,151,8,25,9,7,25,36,4,27,21,5,85,43,2,5,19,2,9,0,6,56,9,28,6,0,6,24,116,112,9,24,15,24,7,32,9,13,0,150,12
2015-10-03,12,7,44,14,27,26,2,2,10,12,1,11,44,1,53,32,10,32,4,32,9,29,7,8,157,10,23,12,6,29,25,10,38,18,4,87,68,8,4,6,8,12,1,17,78,19,40,3,1,14,12,120,99,12,12,29,12,1,45,7,11,1,154,14
2015-10-04,4,6,47,8,12,15,25,25,6,6,1,11,26,1,59,27,5,27,11,27,12,21,22,2,157,2,13,16,9,31,35,5,36,16,11,63,48,2,11,7,2,16,1,6,45,37,22,4,1,8,6,109,114,16,6,8,6,13,55,14,14,1,163,12
2015-10-06,2,9,48,5,15,14,10,10,7,18,1,8,49,1,42,22,4,22,21,22,4,27,22,2,190,11,30,16,15,42,19,4,37,16,21,80,41,2,21,11,2,16,1,19,47,14,27,7,1,5,18,93,82,16,18,18,18,7,52,8,9,1,154,9
2015-10-07,2,7,31,17,19,13,11,11,8,21,3,7,35,3,32,14,5,14,11,14,1,24,11,6,164,10,18,29,3,28,18,5,17,19,11,94,37,6,11,4,6,29,3,14,39,10,16,4,3,17,21,90,60,29,21,10,21,8,42,6,6,3,125,8
2015-10-08,4,12,41,15,10,20,9,9,2,3,0,9,39,0,71,22,7,22,5,22,5,17,13,3,111,4,26,13,11,30,24,7,33,8,5,57,45,3,5,8,3,13,0,18,49,6,50,4,0,15,3,90,101,13,3,13,3,2,32,5,37,0,144,8
2015-10-09,0,6,59,26,21,11,21,21,11,18,0,25,50,0,81,42,6,42,8,42,4,18,36,8,200,8,17,13,27,40,28,6,69,27,8,77,25,8,8,12,8,13,0,5,44,13,27,3,0,26,18,142,117,13,18,1,18,9,61,10,26,0,204,9
2015-10-10,7,11,39,7,31,21,11,11,9,0,1,17,41,1,72,30,6,30,9,30,2,16,24,4,174,15,9,28,18,40,32,6,48,18,9,70,56,4,9,0,4,28,1,9,73,13,24,0,1,7,0,130,103,28,0,9,0,6,58,1,15,1,168,15
2015-10-11,0,5,24,6,12,14,13,13,3,24,4,7,23,4,32,15,5,15,12,15,4,27,19,8,137,9,7,8,5,32,17,5,20,12,12,84,45,8,12,4,8,8,4,3,42,11,27,6,4,6,24,83,64,8,24,16,24,14,43,9,11,4,116,8
2015-10-13,7,16,35,16,20,18,11,11,2,12,0,6,33,0,53,27,5,27,16,27,7,21,19,6,169,4,23,22,4,44,26,5,31,15,16,87,65,6,16,15,6,22,0,8,56,14,30,4,0,16,12,112,106,22,12,10,12,15,41,7,20,0,162,9
2015-10-14,0,7,27,17,14,14,17,17,21,0,1,7,29,1,37,24,7,24,7,24,7,40,10,9,155,9,13,22,3,26,28,7,27,29,7,72,41,9,7,8,9,22,1,5,42,16,33,3,1,17,0,117,90,22,0,17,0,7,42,7,16,1,162,13
2015-10-15,13,20,116,17,49,26,24,24,18,27,3,16,79,3,104,30,5,30,21,30,18,54,33,11,339,20,43,23,27,62,58,5,57,51,21,123,93,11,21,12,11,23,3,31,94,37,57,17,3,17,27,227,189,23,27,25,27,6,125,24,32,3,320,45
2015-10-16,7,7,56,8,17,26,8,8,13,15,3,12,57,3,56,28,10,28,16,28,3,32,23,1,201,5,40,6,15,38,27,10,43,20,16,77,67,1,16,13,1,6,3,27,59,10,40,2,3,8,15,128,112,6,15,21,15,8,61,6,19,3,182,18
2015-10-17,10,8,35,13,30,12,26,26,23,18,0,7,35,0,50,18,4,18,19,18,8,44,6,7,186,13,15,14,6,39,44,4,24,34,19,63,53,7,19,8,7,14,0,7,46,24,20,4,0,13,18,139,107,14,18,13,18,0,59,7,7,0,188,17
2015-10-18,4,7,42,6,18,15,18,18,17,0,0,6,38,0,44,19,3,19,3,19,6,24,13,2,142,11,21,33,10,17,26,3,29,23,3,64,31,2,3,5,2,33,0,16,43,15,26,3,0,6,0,96,83,33,0,14,0,3,31,7,12,0,137,8
2015-10-20,6,3,54,8,17,21,12,12,5,18,2,19,60,2,35,15,6,15,10,15,11,19,17,10,181,8,33,17,10,42,37,6,25,11,10,81,64,10,10,11,10,17,2,22,63,16,22,3,2,8,18,105,93,17,18,12,18,7,45,8,10,2,167,24
2015-10-21,14,8,71,5,26,18,2,2,7,12,0,17,55,0,80,24,3,24,5,24,10,28,29,6,194,8,30,17,23,32,25,3,47,21,5,67,69,6,5,8,6,17,0,22,58,22,37,10,0,5,12,123,112,17,12,15,12,6,67,12,22,0,164,17
2015-10-22,0,11,47,5,14,19,14,14,9,9,1,16,54,1,48,29,4,29,13,29,7,24,26,13,205,14,24,19,20,44,34,4,49,16,13,65,49,13,13,12,13,19,1,12,57,9,25,7,1,5,9,134,113,19,9,6,9,6,53,8,19,1,191,23
2015-10-23,8,21,56,10,31,22,18,18,14,15,2,20,54,2,61,27,3,27,6,27,4,27,25,3,209,11,23,13,17,51,39,3,44,31,6,75,64,3,6,7,3,13,2,16,67,12,29,5,2,10,15,166,120,13,15,13,15,8,65,7,16,2,202,19
2015-10-24,13,15,47,9,38,28,5,5,29,9,0,8,57,0,74,26,12,26,11,26,4,47,22,15,219,22,27,14,17,38,18,12,43,36,11,55,61,15,11,15,15,14,0,12,69,18,30,4,0,9,9,150,113,14,9,9,9,5,58,11,21,0,210,10
2015-10-25,12,12,31,10,21,21,7,7,5,6,3,11,23,3,52,13,7,13,19,13,0,13,24,2,122,5,7,11,21,48,15,7,34,9,19,54,45,2,19,4,2,11,3,3,49,3,23,0,3,10,6,84,64,11,6,11,6,3,38,3,12,3,108,2
2015-10-27,2,14,29,9,22,24,7,7,2,12,2,3,25,2,49,21,3,21,12,21,3,7,19,4,142,14,8,11,7,29,22,3,28,11,12,73,52,4,12,3,4,11,2,5,65,11,39,3,2,9,12,96,98,11,12,12,12,12,37,8,27,2,140,14
2015-10-28,4,4,33,10,21,7,16,16,2,12,1,5,30,1,37,19,5,19,3,19,0,10,11,3,106,9,16,16,11,15,25,5,30,13,3,67,20,3,3,9,3,16,1,7,48,6,21,3,1,10,12,69,61,16,12,13,12,0,34,7,8,1,103,1
2015-10-29,2,7,37,16,21,18,7,7,9,6,0,9,46,0,56,41,6,41,8,41,4,15,17,13,176,16,21,19,14,26,22,6,55,13,8,61,37,13,8,9,13,19,0,12,52,10,28,1,0,16,6,117,109,19,6,7,6,3,39,4,21,0,177,14
2015-10-30,6,11,43,12,28,26,16,16,21,21,0,10,52,0,69,25,10,25,16,25,4,40,21,2,194,20,22,21,10,48,31,10,35,29,16,95,61,2,16,6,2,21,0,16,68,21,41,6,0,12,21,119,105,21,21,23,21,11,50,11,18,0,197,6
2015-10-31,10,4,71,8,20,34,13,13,14,12,5,12,42,5,72,16,5,16,17,16,5,43,25,12,191,6,24,13,19,42,19,5,35,34,17,69,64,12,17,7,12,13,5,17,73,30,26,16,5,8,12,135,116,13,12,6,12,6,78,26,20,5,182,6
2015-11-01,8,12,34,7,16,20,11,11,10,15,0,6,27,0,52,22,5,22,8,22,5,24,9,7,144,4,17,10,9,29,22,5,31,17,8,59,45,7,8,8,7,10,0,9,49,15,23,3,0,7,15,116,101,10,15,7,15,0,47,7,16,0,145,15
2015-11-02,6,0,51,11,13,20,33,33,11,6,2,13,34,2,48,29,4,29,17,29,2,22,24,12,158,1,20,12,17,31,52,4,46,24,17,56,52,12,17,5,12,12,2,15,51,6,22,7,2,11,6,143,112,12,6,8,6,7,45,11,14,2,170,9
2015-11-03,6,10,41,10,19,15,4,4,9,6,0,1,30,0,48,14,4,14,7,14,1,25,12,4,139,8,21,14,8,19,21,4,22,18,7,55,50,4,7,4,4,14,0,17,46,17,26,4,0,10,6,88,74,14,6,11,6,4,54,10,15,0,125,10
2015-11-04,5,10,40,7,20,11,8,8,6,9,0,6,34,0,47,24,3,24,6,24,0,40,19,4,151,9,19,13,11,25,14,3,35,24,6,71,49,4,6,8,4,13,0,11,44,9,30,12,0,7,9,111,76,13,9,19,9,8,63,12,11,0,124,3
2015-11-05,3,11,62,3,23,17,11,11,26,15,0,13,50,0,58,24,7,24,16,24,1,49,32,6,203,17,20,8,32,47,14,7,56,35,16,45,33,6,16,8,6,8,0,12,50,10,21,6,0,3,15,124,72,8,15,8,15,0,68,14,13,0,178,2
2015-11-06,15,17,49,13,29,19,23,23,13,15,3,24,60,3,89,54,11,54,14,54,4,28,28,8,250,8,28,27,24,56,28,11,78,21,14,92,45,8,14,17,8,27,3,11,46,12,44,2,3,13,15,185,152,27,15,22,15,4,56,4,22,3,233,7
2015-11-07,16,6,66,12,35,19,17,17,15,9,2,16,51,2,80,27,6,27,7,27,13,30,35,3,181,14,21,10,22,32,27,6,49,28,7,78,59,3,7,5,3,10,2,16,63,22,25,8,2,12,9,137,118,10,9,12,9,13,58,10,13,2,176,20
2015-11-08,4,8,54,5,20,19,12,12,17,18,0,17,48,0,54,16,7,16,11,16,3,31,29,0,181,13,18,8,22,38,16,7,38,26,11,60,35,0,11,6,0,8,0,12,52,17,25,6,0,5,18,104,81,8,18,6,18,7,56,14,19,0,156,6
2015-11-09,16,6,56,6,26,16,17,17,12,15,1,6,52,1,72,26,9,26,16,26,3,33,26,2,188,9,37,13,19,31,28,9,45,19,16,76,56,2,16,18,2,13,1,19,44,18,32,6,1,6,15,118,112,13,15,21,15,7,63,14,11,1,171,10
2015-11-10,4,4,45,7,12,21,10,10,0,3,1,12,47,1,61,33,7,33,14,33,3,19,13,9,134,7,28,3,13,34,29,7,46,10,14,34,47,9,14,12,9,3,1,16,47,13,24,9,1,7,3,113,107,3,3,11,3,0,54,12,13,1,159,14
2015-11-11,3,8,34,11,15,6,17,17,12,3,1,27,52,1,34,22,6,22,6,22,4,31,16,8,156,9,16,14,8,48,19,6,30,20,6,58,27,8,6,2,8,14,1,14,25,9,30,5,1,11,3,112,66,14,3,17,3,8,35,5,13,1,157,4
2015-11-12,10,3,63,9,26,15,20,20,0,18,3,23,42,3,76,22,3,22,19,22,4,22,31,5,206,2,17,11,25,47,43,3,47,22,19,65,65,5,19,8,5,11,3,9,43,17,30,8,3,9,18,150,126,11,18,11,18,6,95,11,19,3,184,25
2015-11-13,12,4,44,7,31,25,9,9,6,9,1,26,53,1,51,22,5,22,6,22,4,24,24,8,154,15,12,10,17,38,20,5,39,19,6,72,59,8,6,9,8,10,1,3,71,11,30,9,1,7,9,129,87,10,9,21,9,7,48,16,9,1,136,6
2015-11-14,5,10,52,5,22,25,15,15,15,0,1,10,36,1,76,23,5,23,5,23,5,27,28,7,164,9,17,30,19,28,22,5,42,31,5,66,45,7,5,10,7,30,1,7,59,16,32,8,1,5,0,127,114,30,0,7,0,9,55,13,25,1,168,10
2015-11-15,7,8,23,8,13,16,19,19,6,9,4,5,23,4,39,18,5,18,4,18,0,11,9,7,118,4,14,16,9,17,33,5,27,9,4,72,36,7,4,8,7,16,4,6,46,12,23,1,4,8,9,97,82,16,9,20,9,0,37,6,3,4,111,9
2015-11-16,12,3,49,9,36,16,16,16,5,18,0,14,56,0,66,24,3,24,5,24,3,15,20,14,177,19,23,8,13,23,24,3,37,16,5,66,44,14,5,3,14,8,0,20,50,16,36,6,0,9,18,123,112,8,18,14,18,7,49,8,22,0,175,11
2015-11-17,1,11,33,14,14,20,21,21,8,9,1,15,36,1,40,25,7,25,8,25,0,16,15,6,142,7,14,5,12,35,34,7,37,16,8,53,36,6,8,2,6,5,1,12,51,8,26,2,1,14,9,118,88,5,9,12,9,3,39,3,14,1,149,5
2015-11-18,7,7,37,3,12,17,15,15,11,6,1,16,33,1,56,24,5,24,12,24,4,27,18,7,142,3,14,12,12,38,32,5,36,23,12,62,48,7,12,5,7,12,1,9,40,7,41,10,1,3,6,127,103,12,6,21,6,6,46,10,20,1,154,17
2015-11-19,3,11,48,4,12,23,19,19,17,15,4,19,44,4,53,26,6,26,2,26,5,39,16,6,213,8,17,30,10,32,43,6,36,29,2,90,61,6,2,6,6,30,4,11,63,26,29,11,4,4,15,157,120,30,15,12,15,6,70,21,17,4,185,21
2015-11-20,2,8,54,11,16,14,15,15,13,12,1,12,55,1,43,28,4,28,10,28,6,37,12,9,185,7,36,3,6,37,29,4,34,25,10,53,51,9,10,12,9,3,1,24,41,16,34,5,1,11,12,130,107,3,12,13,12,6,56,11,21,1,198,15
2015-11-21,10,11,36,4,25,20,6,6,14,12,1,10,38,1,45,22,6,22,14,22,1,29,9,6,155,11,17,14,6,37,16,6,28,25,14,57,45,6,14,9,6,14,1,8,48,13,25,7,1,4,12,117,82,14,12,14,12,3,44,17,11,1,148,8
2015-11-22,0,3,20,7,5,11,14,14,14,6,0,4,18,0,23,13,3,13,18,13,0,23,7,11,110,3,11,3,6,28,21,3,19,16,18,29,25,11,18,4,11,3,0,7,25,10,17,0,0,7,6,77,55,3,6,8,6,1,29,5,9,0,117,2
2015-11-23,3,10,72,12,19,15,26,26,7,15,3,8,49,3,55,25,6,25,14,25,15,25,20,7,193,12,29,7,18,32,39,6,43,13,14,57,43,7,14,6,7,7,3,23,46,29,24,2,3,12,15,123,105,7,15,13,15,2,60,12,11,3,188,21
2015-11-24,2,9,54,10,21,14,6,6,22,9,1,11,49,1,51,33,5,33,15,33,4,37,21,7,191,14,24,6,15,38,20,5,48,33,15,51,40,7,15,9,7,6,1,15,46,13,28,6,1,10,9,127,92,6,9,10,9,6,55,15,18,1,191,15
2015-11-25,2,13,39,13,4,18,11,11,17,12,1,14,28,1,55,16,9,16,17,16,6,27,16,6,182,1,13,30,12,46,27,9,28,26,17,89,33,6,17,8,6,30,1,5,43,18,46,8,1,13,12,107,100,30,12,13,12,4,45,15,33,1,172,16
2015-11-26,10,7,106,12,46,36,26,26,21,9,5,17,98,5,107,52,5,52,19,52,15,47,44,6,339,28,53,32,34,48,54,5,86,37,19,121,97,6,19,20,6,32,5,33,99,29,74,8,5,12,9,218,213,32,9,40,9,10,101,16,34,5,324,34
2015-11-27,9,16,82,17,29,49,32,32,22,42,1,10,68,1,92,43,9,43,22,43,8,61,47,21,364,17,41,20,33,55,66,9,76,33,22,127,128,21,22,27,21,20,1,14,105,33,41,8,1,17,42,245,211,20,42,15,42,14,117,24,26,1,310,25
2015-11-28,9,7,43,6,21,24,20,20,25,0,1,10,30,1,46,14,6,14,17,14,4,35,17,4,144,6,14,8,14,36,29,6,28,37,17,33,43,4,17,6,4,8,1,8,48,13,20,6,1,6,0,127,94,8,0,7,0,3,45,11,13,1,157,10
2015-11-29,7,9,27,3,16,9,8,8,3,9,1,22,42,1,30,20,4,20,20,20,5,19,11,0,158,8,12,24,6,55,30,4,26,10,20,68,49,0,20,8,0,24,1,4,39,12,25,6,1,3,9,96,70,24,9,19,9,5,39,11,6,1,134,14
2015-11-30,6,10,52,3,14,28,26,26,1,3,2,6,40,2,70,45,9,45,8,45,6,11,14,5,143,8,26,3,14,25,41,9,59,4,8,25,47,5,8,5,5,3,2,21,57,25,26,3,2,3,3,129,138,3,3,8,3,0,45,11,18,2,181,8
2015-12-01,2,1,38,7,15,14,13,13,3,12,0,19,52,0,44,20,4,20,6,20,7,13,15,3,154,12,21,20,11,30,28,4,31,6,6,82,39,3,6,9,3,20,0,12,52,22,37,2,0,7,12,82,87,20,12,25,12,4,41,7,12,0,141,11
2015-12-02,7,3,43,14,11,14,16,16,10,15,1,19,43,1,62,13,3,13,9,13,2,37,23,3,164,3,21,20,17,36,27,3,30,20,9,77,53,3,9,8,3,20,1,13,30,7,42,9,1,14,15,113,98,20,15,13,15,6,58,10,29,1,147,10
2015-12-03,4,12,54,10,14,14,10,10,6,12,0,10,41,0,60,22,3,22,11,22,9,18,24,2,203,4,27,24,19,33,32,3,41,13,11,68,53,2,11,14,2,24,0,13,37,26,22,1,0,10,12,113,113,24,12,8,12,5,72,7,14,0,168,27
2015-12-04,4,16,59,3,19,18,17,17,15,9,1,18,58,1,67,33,7,33,12,33,7,31,25,5,233,12,28,22,19,48,52,7,52,24,12,80,66,5,12,8,5,22,1,20,75,24,34,6,1,3,9,152,126,22,9,17,9,6,71,10,17,1,218,23
2015-12-05,10,12,49,11,20,21,12,12,4,9,3,11,38,3,72,45,3,45,8,45,2,26,16,0,169,3,24,19,12,32,26,3,57,19,8,96,60,0,8,9,0,19,3,15,57,7,59,8,3,11,9,150,134,19,9,31,9,4,56,13,28,3,172,12
2015-12-06,10,6,54,3,37,16,9,9,17,6,1,14,58,1,58,14,9,14,18,14,1,43,27,5,193,20,24,9,20,42,18,9,34,32,18,54,51,5,18,12,5,9,1,12,58,13,29,8,1,3,6,118,79,9,6,16,6,7,72,14,13,1,171,8
2015-12-07,6,8,54,10,17,27,8,8,12,15,1,11,39,1,47,26,8,26,15,26,6,27,13,8,194,1,27,25,13,34,25,8,39,26,15,78,53,8,15,8,8,25,1,19,57,12,27,4,1,10,15,134,100,25,15,15,15,0,55,6,12,1,161,17
2015-12-08,8,9,31,7,25,14,6,6,7,9,1,13,42,1,46,26,2,26,9,26,4,19,14,9,148,14,15,15,9,32,15,2,35,12,9,61,44,9,9,2,9,15,1,13,47,4,30,2,1,7,9,108,78,15,9,14,9,5,28,2,16,1,136,8
2015-12-09,7,12,49,11,29,15,14,14,7,6,2,9,53,2,67,40,6,40,11,40,5,19,26,3,181,16,28,17,19,40,38,6,59,13,11,79,59,3,11,10,3,17,2,18,69,7,31,0,2,11,6,124,113,17,6,17,6,7,52,1,14,2,188,18
2015-12-10,2,11,41,9,19,21,11,11,9,9,0,6,43,0,56,16,3,16,8,16,5,16,17,13,158,17,20,9,13,26,38,3,29,12,8,38,55,13,8,3,13,9,0,17,48,15,27,3,0,9,9,110,101,9,9,6,9,4,48,6,21,0,166,23
2015-12-11,2,3,41,3,23,20,32,32,6,9,2,17,41,2,73,31,7,31,21,31,4,23,25,6,177,16,8,18,19,50,42,7,50,13,21,75,46,6,21,0,6,18,2,8,55,16,50,2,2,3,9,131,122,18,9,27,9,6,61,5,23,2,201,12
2015-12-12,2,9,48,5,23,15,15,15,2,12,0,11,38,0,33,7,4,7,9,7,7,13,13,0,144,8,19,8,9,30,35,4,16,16,9,55,47,0,9,11,0,8,0,8,60,19,31,1,0,5,12,88,80,8,12,14,12,4,53,11,17,0,138,15
2015-12-13,8,3,65,6,22,15,14,14,7,0,3,10,36,3,84,20,3,20,9,20,9,34,43,11,171,9,17,5,34,25,27,3,54,20,9,41,61,11,9,11,11,5,3,6,39,14,39,8,3,6,0,126,115,5,0,12,0,9,83,11,27,3,161,21
2015-12-14,7,8,58,7,21,8,10,10,20,9,1,7,32,1,52,12,2,12,11,12,9,46,17,4,181,5,20,18,11,29,27,2,23,45,11,58,46,4,11,12,4,18,1,8,39,23,25,16,1,7,9,120,100,18,9,4,9,6,74,21,21,1,167,23
2015-12-15,1,9,46,8,13,15,13,13,26,6,4,12,47,4,49,28,4,28,8,28,1,58,24,0,171,9,26,11,16,33,34,4,44,44,8,62,58,0,8,16,0,11,4,10,50,6,25,15,4,8,6,139,88,11,6,19,6,8,64,16,6,4,158,9
2015-12-16,5,2,64,4,19,24,14,14,22,9,1,10,44,1,39,18,5,18,20,18,9,43,21,8,188,7,27,8,19,39,32,5,37,35,20,49,59,8,20,6,8,8,1,21,53,13,19,6,1,4,9,134,93,8,9,14,9,2,66,8,5,1,175,24
2015-12-17,6,6,39,9,14,8,19,19,6,9,2,16,33,2,55,10,2,10,6,10,4,16,24,5,139,6,11,9,17,30,31,2,27,14,6,62,35,5,6,8,5,9,2,3,41,21,23,6,2,9,9,93,89,9,9,6,9,7,55,13,17,2,136,13
2015-12-18,7,7,69,11,37,26,7,7,12,12,1,15,73,1,73,30,11,30,13,30,13,23,23,6,231,19,39,14,17,39,27,11,47,26,13,72,56,6,13,20,6,14,1,19,86,30,34,3,1,11,12,126,136,14,12,10,12,6,65,9,24,1,226,22
2015-12-19,5,2,60,10,11,16,10,10,8,12,2,20,44,2,59,12,6,12,18,12,5,29,22,5,177,5,19,20,19,42,21,6,31,19,18,82,40,5,18,3,5,20,2,16,42,20,43,10,2,10,12,100,82,20,12,20,12,3,64,19,23,2,153,13
2015-12-20,6,13,45,11,20,21,29,29,13,3,0,14,42,0,52,7,6,7,4,7,10,32,15,3,154,6,22,5,15,31,45,6,22,27,4,40,50,3,4,18,3,5,0,4,53,25,24,6,0,11,3,135,119,5,3,11,3,0,65,8,13,0,165,18
2015-12-21,8,4,35,6,19,24,17,17,10,3,1,9,38,1,57,21,7,21,9,21,5,23,15,11,135,8,21,14,13,24,30,7,34,18,9,52,48,11,9,15,11,14,1,6,54,11,35,5,1,6,3,115,108,14,3,17,3,2,39,8,18,1,148,9
2015-12-22,9,2,47,6,19,19,7,7,4,9,0,4,33,0,53,19,9,19,5,19,6,33,16,8,135,9,20,22,12,23,13,9,31,13,5,58,50,8,5,5,8,22,0,15,39,15,27,8,0,6,9,84,80,22,9,10,9,4,54,13,17,0,126,9
2015-12-23,5,5,40,9,12,21,14,14,15,12,2,9,42,2,57,27,7,27,20,27,6,32,16,2,159,7,26,0,12,36,31,7,39,22,20,55,50,2,20,15,2,0,2,11,48,14,39,7,2,9,12,116,117,0,12,17,12,4,47,11,22,2,173,16
2015-12-24,4,3,51,6,17,26,10,10,4,15,0,3,24,0,56,23,8,23,13,23,4,42,12,6,137,7,14,13,12,25,24,8,35,28,13,62,56,6,13,7,6,13,0,7,57,13,38,18,0,6,15,115,97,13,15,18,15,0,71,22,20,0,134,10
2015-12-26,2,3,23,7,11,13,11,11,15,6,1,11,29,1,40,12,5,12,4,12,3,28,7,8,127,5,13,21,7,23,22,5,19,21,4,57,32,8,4,7,8,21,1,6,33,7,41,2,1,7,6,89,78,21,6,16,6,0,35,3,25,1,130,10
2015-12-27,0,5,24,1,7,19,9,9,5,6,1,4,25,1,33,11,5,11,10,11,0,8,9,2,112,6,15,11,8,20,29,5,19,6,10,30,38,2,10,6,2,11,1,9,32,12,22,0,1,1,6,70,77,11,6,8,6,1,41,6,14,1,112,17
2015-12-28,5,7,26,8,13,19,3,3,6,6,1,9,26,1,40,13,3,13,10,13,3,15,20,2,121,3,14,12,10,30,12,3,23,11,10,57,49,2,10,9,2,12,1,5,39,10,25,0,1,8,6,77,72,12,6,12,6,10,37,3,13,1,105,9
2015-12-29,2,10,31,5,8,12,9,9,5,9,1,7,27,1,31,3,6,3,5,3,0,11,20,6,110,6,14,9,12,23,18,6,15,7,5,47,29,6,5,7,6,9,1,7,32,12,20,2,1,5,9,56,44,9,9,8,9,8,33,12,12,1,93,3
2015-12-30,2,3,39,4,9,12,12,12,6,3,0,8,18,0,40,22,3,22,0,22,8,13,17,0,93,2,8,14,15,13,24,3,37,14,0,38,29,0,0,5,0,14,0,3,33,13,14,3,0,4,3,78,71,14,3,7,3,2,38,8,7,0,94,14
2015-12-31,8,12,62,9,23,25,24,24,7,15,2,14,63,2,49,31,6,31,13,31,5,26,19,8,237,11,38,24,12,42,54,6,43,19,13,83,75,8,13,15,8,24,2,23,70,24,15,8,2,9,15,163,138,24,15,8,15,7,74,18,7,2,216,25
